-- phpMyAdmin SQL Dump
-- version 5.2.0
-- https://www.phpmyadmin.net/
--
-- Host: 127.0.0.1
-- Generation Time: Dec 01, 2022 at 10:36 AM
-- Server version: 10.4.24-MariaDB
-- PHP Version: 8.1.6

SET SQL_MODE = "NO_AUTO_VALUE_ON_ZERO";
START TRANSACTION;
SET time_zone = "+00:00";


/*!40101 SET @OLD_CHARACTER_SET_CLIENT=@@CHARACTER_SET_CLIENT */;
/*!40101 SET @OLD_CHARACTER_SET_RESULTS=@@CHARACTER_SET_RESULTS */;
/*!40101 SET @OLD_COLLATION_CONNECTION=@@COLLATION_CONNECTION */;
/*!40101 SET NAMES utf8mb4 */;

--
-- Database: `core_banking`
--

-- --------------------------------------------------------

--
-- Table structure for table `kredit`
--

CREATE TABLE `kredit` (
  `kredit_id` bigint(20) NOT NULL,
  `kuota` double NOT NULL,
  `nama_kredit` varchar(255) DEFAULT NULL
) ENGINE=InnoDB DEFAULT CHARSET=utf8mb4;

--
-- Dumping data for table `kredit`
--

INSERT INTO `kredit` (`kredit_id`, `kuota`, `nama_kredit`) VALUES
(1, 5000000, 'Visa Platinum Reguler'),
(2, 10000000, 'Mastercard Platinum'),
(3, 20000000, 'JCB platinum');

-- --------------------------------------------------------

--
-- Table structure for table `kredit_nasabah`
--

CREATE TABLE `kredit_nasabah` (
  `credit_account_id` bigint(20) NOT NULL,
  `outstanding` double NOT NULL,
  `kredit_id` bigint(20) NOT NULL,
  `cif` bigint(20) NOT NULL
) ENGINE=InnoDB DEFAULT CHARSET=utf8mb4;

--
-- Dumping data for table `kredit_nasabah`
--

INSERT INTO `kredit_nasabah` (`credit_account_id`, `outstanding`, `kredit_id`, `cif`) VALUES
(1, 0, 1, 2),
(2, 0, 2, 2),
(3, 0, 3, 2),
(4, 0, 1, 3),
(5, 0, 2, 3),
(6, 0, 3, 3),
(7, 0, 1, 4),
(8, 0, 2, 4),
(9, 0, 3, 4),
(10, 0, 1, 5),
(11, 0, 2, 5),
(12, 0, 3, 5),
(13, 0, 1, 6),
(14, 0, 2, 6),
(15, 0, 3, 6),
(16, 0, 1, 7),
(17, 0, 2, 7),
(18, 0, 3, 7),
(19, 0, 1, 3),
(20, 0, 2, 3),
(21, 0, 3, 3),
(22, 0, 1, 4),
(23, 0, 2, 4),
(24, 0, 3, 4),
(25, 0, 1, 5),
(26, 0, 2, 5),
(27, 0, 3, 5),
(28, 0, 1, 6),
(29, 0, 2, 6),
(30, 0, 3, 6),
(31, 0, 1, 8),
(32, 0, 2, 8),
(33, 0, 3, 8),
(34, 0, 1, 3),
(35, 0, 2, 3),
(36, 0, 3, 3),
(37, 0, 1, 4),
(38, 0, 2, 4),
(39, 0, 3, 4),
(40, 0, 1, 5),
(41, 0, 2, 5),
(42, 0, 3, 5),
(43, 0, 1, 6),
(44, 0, 2, 6),
(45, 0, 3, 6),
(46, 0, 1, 9),
(47, 0, 2, 9),
(48, 0, 3, 9),
(49, 0, 1, 3),
(50, 0, 2, 3),
(51, 0, 3, 3),
(52, 0, 1, 4),
(53, 0, 2, 4),
(54, 0, 3, 4),
(55, 0, 1, 5),
(56, 0, 2, 5),
(57, 0, 3, 5),
(58, 0, 1, 6),
(59, 0, 2, 6),
(60, 0, 3, 6),
(61, 0, 1, 10),
(62, 0, 2, 10),
(63, 0, 3, 10),
(64, 0, 1, 3),
(65, 0, 2, 3),
(66, 0, 3, 3),
(67, 0, 1, 4),
(68, 0, 2, 4),
(69, 0, 3, 4),
(70, 0, 1, 5),
(71, 0, 2, 5),
(72, 0, 3, 5),
(73, 0, 1, 6),
(74, 0, 2, 6),
(75, 0, 3, 6),
(76, 0, 1, 11),
(77, 0, 2, 11),
(78, 0, 3, 11),
(79, 0, 1, 3),
(80, 0, 2, 3),
(81, 0, 3, 3),
(82, 0, 1, 4),
(83, 0, 2, 4),
(84, 0, 3, 4),
(85, 0, 1, 5),
(86, 0, 2, 5),
(87, 0, 3, 5),
(88, 0, 1, 6),
(89, 0, 2, 6),
(90, 0, 3, 6),
(91, 0, 1, 12),
(92, 0, 2, 12),
(93, 0, 3, 12),
(94, 0, 1, 3),
(95, 0, 2, 3),
(96, 0, 3, 3),
(97, 0, 1, 4),
(98, 0, 2, 4),
(99, 0, 3, 4),
(100, 0, 1, 5),
(101, 0, 2, 5),
(102, 0, 3, 5),
(103, 0, 1, 6),
(104, 0, 2, 6),
(105, 0, 3, 6),
(106, 0, 1, 13),
(107, 0, 2, 13),
(108, 0, 3, 13),
(109, 0, 1, 3),
(110, 0, 2, 3),
(111, 0, 3, 3),
(112, 0, 1, 4),
(113, 0, 2, 4),
(114, 0, 3, 4),
(115, 0, 1, 5),
(116, 0, 2, 5),
(117, 0, 3, 5),
(118, 0, 1, 6),
(119, 0, 2, 6),
(120, 0, 3, 6),
(121, 0, 1, 14),
(122, 0, 2, 14),
(123, 0, 3, 14),
(124, 0, 1, 3),
(125, 0, 2, 3),
(126, 0, 3, 3),
(127, 0, 1, 4),
(128, 0, 2, 4),
(129, 0, 3, 4),
(130, 0, 1, 5),
(131, 0, 2, 5),
(132, 0, 3, 5),
(133, 0, 1, 6),
(134, 0, 2, 6),
(135, 0, 3, 6),
(136, 0, 1, 15),
(137, 0, 2, 15),
(138, 0, 3, 15),
(139, 0, 1, 3),
(140, 0, 2, 3),
(141, 0, 3, 3),
(142, 0, 1, 4),
(143, 0, 2, 4),
(144, 0, 3, 4),
(145, 0, 1, 5),
(146, 0, 2, 5),
(147, 0, 3, 5),
(148, 0, 1, 6),
(149, 0, 2, 6),
(150, 0, 3, 6),
(151, 0, 1, 16),
(152, 0, 2, 16),
(153, 0, 3, 16),
(154, 0, 1, 3),
(155, 0, 2, 3),
(156, 0, 3, 3),
(157, 0, 1, 4),
(158, 0, 2, 4),
(159, 0, 3, 4),
(160, 0, 1, 5),
(161, 0, 2, 5),
(162, 0, 3, 5),
(163, 0, 1, 6),
(164, 0, 2, 6),
(165, 0, 3, 6),
(166, 0, 1, 17),
(167, 0, 2, 17),
(168, 0, 3, 17),
(169, 0, 1, 3),
(170, 0, 2, 3),
(171, 0, 3, 3),
(172, 0, 1, 4),
(173, 0, 2, 4),
(174, 0, 3, 4),
(175, 0, 1, 5),
(176, 0, 2, 5),
(177, 0, 3, 5),
(178, 0, 1, 6),
(179, 0, 2, 6),
(180, 0, 3, 6),
(181, 0, 1, 18),
(182, 0, 2, 18),
(183, 0, 3, 18),
(184, 0, 1, 3),
(185, 0, 2, 3),
(186, 0, 3, 3),
(187, 0, 1, 4),
(188, 0, 2, 4),
(189, 0, 3, 4),
(190, 0, 1, 5),
(191, 0, 2, 5),
(192, 0, 3, 5),
(193, 0, 1, 6),
(194, 0, 2, 6),
(195, 0, 3, 6),
(196, 0, 1, 19),
(197, 0, 2, 19),
(198, 0, 3, 19),
(199, 0, 1, 3),
(200, 0, 2, 3),
(201, 0, 3, 3),
(202, 0, 1, 4),
(203, 0, 2, 4),
(204, 0, 3, 4),
(205, 0, 1, 5),
(206, 0, 2, 5),
(207, 0, 3, 5),
(208, 0, 1, 6),
(209, 0, 2, 6),
(210, 0, 3, 6),
(211, 0, 1, 20),
(212, 0, 2, 20),
(213, 0, 3, 20),
(214, 0, 1, 3),
(215, 0, 2, 3),
(216, 0, 3, 3),
(217, 0, 1, 4),
(218, 0, 2, 4),
(219, 0, 3, 4),
(220, 0, 1, 5),
(221, 0, 2, 5),
(222, 0, 3, 5),
(223, 0, 1, 6),
(224, 0, 2, 6),
(225, 0, 3, 6),
(226, 0, 1, 21),
(227, 0, 2, 21),
(228, 0, 3, 21),
(229, 0, 1, 3),
(230, 0, 2, 3),
(231, 0, 3, 3),
(232, 0, 1, 4),
(233, 0, 2, 4),
(234, 0, 3, 4),
(235, 0, 1, 5),
(236, 0, 2, 5),
(237, 0, 3, 5),
(238, 0, 1, 6),
(239, 0, 2, 6),
(240, 0, 3, 6),
(241, 0, 1, 22),
(242, 0, 2, 22),
(243, 0, 3, 22),
(244, 0, 1, 3),
(245, 0, 2, 3),
(246, 0, 3, 3),
(247, 0, 1, 4),
(248, 0, 2, 4),
(249, 0, 3, 4),
(250, 0, 1, 5),
(251, 0, 2, 5),
(252, 0, 3, 5),
(253, 0, 1, 6),
(254, 0, 2, 6),
(255, 0, 3, 6),
(256, 0, 1, 23),
(257, 0, 2, 23),
(258, 0, 3, 23),
(259, 0, 1, 3),
(260, 0, 2, 3),
(261, 0, 3, 3),
(262, 0, 1, 4),
(263, 0, 2, 4),
(264, 0, 3, 4),
(265, 0, 1, 5),
(266, 0, 2, 5),
(267, 0, 3, 5),
(268, 0, 1, 6),
(269, 0, 2, 6),
(270, 0, 3, 6),
(271, 0, 1, 24),
(272, 0, 2, 24),
(273, 0, 3, 24),
(274, 0, 1, 3),
(275, 0, 2, 3),
(276, 0, 3, 3),
(277, 0, 1, 4),
(278, 0, 2, 4),
(279, 0, 3, 4),
(280, 0, 1, 5),
(281, 0, 2, 5),
(282, 0, 3, 5),
(283, 0, 1, 6),
(284, 0, 2, 6),
(285, 0, 3, 6),
(286, 0, 1, 25),
(287, 0, 2, 25),
(288, 0, 3, 25),
(289, 0, 1, 3),
(290, 0, 2, 3),
(291, 0, 3, 3),
(292, 0, 1, 4),
(293, 0, 2, 4),
(294, 0, 3, 4),
(295, 0, 1, 5),
(296, 0, 2, 5),
(297, 0, 3, 5),
(298, 0, 1, 6),
(299, 0, 2, 6),
(300, 0, 3, 6),
(301, 0, 1, 26),
(302, 0, 2, 26),
(303, 0, 3, 26),
(304, 0, 1, 3),
(305, 0, 2, 3),
(306, 0, 3, 3),
(307, 0, 1, 4),
(308, 0, 2, 4),
(309, 0, 3, 4),
(310, 0, 1, 5),
(311, 0, 2, 5),
(312, 0, 3, 5),
(313, 0, 1, 6),
(314, 0, 2, 6),
(315, 0, 3, 6),
(316, 0, 1, 27),
(317, 0, 2, 27),
(318, 0, 3, 27),
(319, 0, 1, 3),
(320, 0, 2, 3),
(321, 0, 3, 3),
(322, 0, 1, 4),
(323, 0, 2, 4),
(324, 0, 3, 4),
(325, 0, 1, 5),
(326, 0, 2, 5),
(327, 0, 3, 5),
(328, 0, 1, 6),
(329, 0, 2, 6),
(330, 0, 3, 6),
(331, 0, 1, 28),
(332, 0, 2, 28),
(333, 0, 3, 28),
(334, 0, 1, 3),
(335, 0, 2, 3),
(336, 0, 3, 3),
(337, 0, 1, 4),
(338, 0, 2, 4),
(339, 0, 3, 4),
(340, 0, 1, 5),
(341, 0, 2, 5),
(342, 0, 3, 5),
(343, 0, 1, 6),
(344, 0, 2, 6),
(345, 0, 3, 6),
(346, 0, 1, 29),
(347, 0, 2, 29),
(348, 0, 3, 29),
(349, 0, 1, 3),
(350, 0, 2, 3),
(351, 0, 3, 3),
(352, 0, 1, 4),
(353, 0, 2, 4),
(354, 0, 3, 4),
(355, 0, 1, 5),
(356, 0, 2, 5),
(357, 0, 3, 5),
(358, 0, 1, 6),
(359, 0, 2, 6),
(360, 0, 3, 6),
(361, 0, 1, 30),
(362, 0, 2, 30),
(363, 0, 3, 30),
(364, 0, 1, 3),
(365, 0, 2, 3),
(366, 0, 3, 3),
(367, 0, 1, 4),
(368, 0, 2, 4),
(369, 0, 3, 4),
(370, 0, 1, 5),
(371, 0, 2, 5),
(372, 0, 3, 5),
(373, 0, 1, 6),
(374, 0, 2, 6),
(375, 0, 3, 6),
(376, 0, 1, 31),
(377, 0, 2, 31),
(378, 0, 3, 31),
(379, 0, 1, 3),
(380, 0, 2, 3),
(381, 0, 3, 3),
(382, 0, 1, 4),
(383, 0, 2, 4),
(384, 0, 3, 4),
(385, 0, 1, 5),
(386, 0, 2, 5),
(387, 0, 3, 5),
(388, 0, 1, 6),
(389, 0, 2, 6),
(390, 0, 3, 6),
(391, 0, 1, 32),
(392, 0, 2, 32),
(393, 0, 3, 32),
(394, 0, 1, 3),
(395, 0, 2, 3),
(396, 0, 3, 3),
(397, 0, 1, 4),
(398, 0, 2, 4),
(399, 0, 3, 4),
(400, 0, 1, 5),
(401, 0, 2, 5),
(402, 0, 3, 5),
(403, 0, 1, 6),
(404, 0, 2, 6),
(405, 0, 3, 6),
(406, 0, 1, 33),
(407, 0, 2, 33),
(408, 0, 3, 33),
(409, 0, 1, 3),
(410, 0, 2, 3),
(411, 0, 3, 3),
(412, 0, 1, 4),
(413, 0, 2, 4),
(414, 0, 3, 4),
(415, 0, 1, 5),
(416, 0, 2, 5),
(417, 0, 3, 5),
(418, 0, 1, 6),
(419, 0, 2, 6),
(420, 0, 3, 6),
(421, 0, 1, 34),
(422, 0, 2, 34),
(423, 0, 3, 34),
(424, 0, 1, 3),
(425, 0, 2, 3),
(426, 0, 3, 3),
(427, 0, 1, 4),
(428, 0, 2, 4),
(429, 0, 3, 4),
(430, 0, 1, 5),
(431, 0, 2, 5),
(432, 0, 3, 5),
(433, 0, 1, 6),
(434, 0, 2, 6),
(435, 0, 3, 6),
(436, 0, 1, 35),
(437, 0, 2, 35),
(438, 0, 3, 35),
(439, 0, 1, 3),
(440, 0, 2, 3),
(441, 0, 3, 3),
(442, 0, 1, 4),
(443, 0, 2, 4),
(444, 0, 3, 4),
(445, 0, 1, 5),
(446, 0, 2, 5),
(447, 0, 3, 5),
(448, 0, 1, 6),
(449, 0, 2, 6),
(450, 0, 3, 6),
(451, 0, 1, 36),
(452, 0, 2, 36),
(453, 0, 3, 36),
(454, 0, 1, 3),
(455, 0, 2, 3),
(456, 0, 3, 3),
(457, 0, 1, 4),
(458, 0, 2, 4),
(459, 0, 3, 4),
(460, 0, 1, 5),
(461, 0, 2, 5),
(462, 0, 3, 5),
(463, 0, 1, 6),
(464, 0, 2, 6),
(465, 0, 3, 6),
(466, 0, 1, 37),
(467, 0, 2, 37),
(468, 0, 3, 37),
(469, 0, 1, 3),
(470, 0, 2, 3),
(471, 0, 3, 3),
(472, 0, 1, 4),
(473, 0, 2, 4),
(474, 0, 3, 4),
(475, 0, 1, 5),
(476, 0, 2, 5),
(477, 0, 3, 5),
(478, 0, 1, 6),
(479, 0, 2, 6),
(480, 0, 3, 6),
(481, 0, 1, 38),
(482, 0, 2, 38),
(483, 0, 3, 38),
(484, 0, 1, 3),
(485, 0, 2, 3),
(486, 0, 3, 3),
(487, 0, 1, 4),
(488, 0, 2, 4),
(489, 0, 3, 4),
(490, 0, 1, 5),
(491, 0, 2, 5),
(492, 0, 3, 5),
(493, 0, 1, 6),
(494, 0, 2, 6),
(495, 0, 3, 6),
(496, 0, 1, 39),
(497, 0, 2, 39),
(498, 0, 3, 39),
(499, 0, 1, 3),
(500, 0, 2, 3),
(501, 0, 3, 3),
(502, 0, 1, 4),
(503, 0, 2, 4),
(504, 0, 3, 4),
(505, 0, 1, 5),
(506, 0, 2, 5),
(507, 0, 3, 5),
(508, 0, 1, 6),
(509, 0, 2, 6),
(510, 0, 3, 6),
(511, 0, 1, 40),
(512, 0, 2, 40),
(513, 0, 3, 40),
(514, 0, 1, 3),
(515, 0, 2, 3),
(516, 0, 3, 3),
(517, 0, 1, 4),
(518, 0, 2, 4),
(519, 0, 3, 4),
(520, 0, 1, 5),
(521, 0, 2, 5),
(522, 0, 3, 5),
(523, 0, 1, 6),
(524, 0, 2, 6),
(525, 0, 3, 6),
(526, 0, 1, 41),
(527, 0, 2, 41),
(528, 0, 3, 41),
(529, 0, 1, 3),
(530, 0, 2, 3),
(531, 0, 3, 3),
(532, 0, 1, 4),
(533, 0, 2, 4),
(534, 0, 3, 4),
(535, 0, 1, 5),
(536, 0, 2, 5),
(537, 0, 3, 5),
(538, 0, 1, 6),
(539, 0, 2, 6),
(540, 0, 3, 6),
(541, 0, 1, 42),
(542, 0, 2, 42),
(543, 0, 3, 42),
(544, 0, 1, 3),
(545, 0, 2, 3),
(546, 0, 3, 3),
(547, 0, 1, 4),
(548, 0, 2, 4),
(549, 0, 3, 4),
(550, 0, 1, 5),
(551, 0, 2, 5),
(552, 0, 3, 5),
(553, 0, 1, 6),
(554, 0, 2, 6),
(555, 0, 3, 6),
(556, 0, 1, 43),
(557, 0, 2, 43),
(558, 0, 3, 43),
(559, 0, 1, 3),
(560, 0, 2, 3),
(561, 0, 3, 3),
(562, 0, 1, 4),
(563, 0, 2, 4),
(564, 0, 3, 4),
(565, 0, 1, 5),
(566, 0, 2, 5),
(567, 0, 3, 5),
(568, 0, 1, 6),
(569, 0, 2, 6),
(570, 0, 3, 6),
(571, 0, 1, 44),
(572, 0, 2, 44),
(573, 0, 3, 44),
(574, 0, 1, 3),
(575, 0, 2, 3),
(576, 0, 3, 3),
(577, 0, 1, 4),
(578, 0, 2, 4),
(579, 0, 3, 4),
(580, 0, 1, 5),
(581, 0, 2, 5),
(582, 0, 3, 5),
(583, 0, 1, 6),
(584, 0, 2, 6),
(585, 0, 3, 6),
(586, 0, 1, 45),
(587, 0, 2, 45),
(588, 0, 3, 45),
(589, 0, 1, 3),
(590, 0, 2, 3),
(591, 0, 3, 3),
(592, 0, 1, 4),
(593, 0, 2, 4),
(594, 0, 3, 4),
(595, 0, 1, 5),
(596, 0, 2, 5),
(597, 0, 3, 5),
(598, 0, 1, 6),
(599, 0, 2, 6),
(600, 0, 3, 6),
(601, 0, 1, 46),
(602, 0, 2, 46),
(603, 0, 3, 46),
(604, 0, 1, 3),
(605, 0, 2, 3),
(606, 0, 3, 3),
(607, 0, 1, 4),
(608, 0, 2, 4),
(609, 0, 3, 4),
(610, 0, 1, 5),
(611, 0, 2, 5),
(612, 0, 3, 5),
(613, 0, 1, 6),
(614, 0, 2, 6),
(615, 0, 3, 6),
(616, 0, 1, 47),
(617, 0, 2, 47),
(618, 0, 3, 47),
(619, 0, 1, 3),
(620, 0, 2, 3),
(621, 0, 3, 3),
(622, 0, 1, 4),
(623, 0, 2, 4),
(624, 0, 3, 4),
(625, 0, 1, 5),
(626, 0, 2, 5),
(627, 0, 3, 5),
(628, 0, 1, 6),
(629, 0, 2, 6),
(630, 0, 3, 6),
(631, 0, 1, 48),
(632, 0, 2, 48),
(633, 0, 3, 48),
(634, 0, 1, 3),
(635, 0, 2, 3),
(636, 0, 3, 3),
(637, 0, 1, 4),
(638, 0, 2, 4),
(639, 0, 3, 4),
(640, 0, 1, 5),
(641, 0, 2, 5),
(642, 0, 3, 5),
(643, 0, 1, 6),
(644, 0, 2, 6),
(645, 0, 3, 6),
(646, 0, 1, 49),
(647, 0, 2, 49),
(648, 0, 3, 49),
(649, 0, 1, 3),
(650, 0, 2, 3),
(651, 0, 3, 3),
(652, 0, 1, 4),
(653, 0, 2, 4),
(654, 0, 3, 4),
(655, 0, 1, 5),
(656, 0, 2, 5),
(657, 0, 3, 5),
(658, 0, 1, 6),
(659, 0, 2, 6),
(660, 0, 3, 6),
(661, 0, 1, 50),
(662, 0, 2, 50),
(663, 0, 3, 50),
(664, 0, 1, 3),
(665, 0, 2, 3),
(666, 0, 3, 3),
(667, 0, 1, 4),
(668, 0, 2, 4),
(669, 0, 3, 4),
(670, 0, 1, 5),
(671, 0, 2, 5),
(672, 0, 3, 5),
(673, 0, 1, 6),
(674, 0, 2, 6),
(675, 0, 3, 6),
(676, 0, 1, 51),
(677, 0, 2, 51),
(678, 0, 3, 51),
(679, 0, 1, 3),
(680, 0, 2, 3),
(681, 0, 3, 3),
(682, 0, 1, 4),
(683, 0, 2, 4),
(684, 0, 3, 4),
(685, 0, 1, 5),
(686, 0, 2, 5),
(687, 0, 3, 5),
(688, 0, 1, 6),
(689, 0, 2, 6),
(690, 0, 3, 6),
(691, 0, 1, 52),
(692, 0, 2, 52),
(693, 0, 3, 52),
(694, 0, 1, 3),
(695, 0, 2, 3),
(696, 0, 3, 3),
(697, 0, 1, 4),
(698, 0, 2, 4),
(699, 0, 3, 4),
(700, 0, 1, 5),
(701, 0, 2, 5),
(702, 0, 3, 5),
(703, 0, 1, 6),
(704, 0, 2, 6),
(705, 0, 3, 6),
(706, 0, 1, 53),
(707, 0, 2, 53),
(708, 0, 3, 53),
(709, 0, 1, 3),
(710, 0, 2, 3),
(711, 0, 3, 3),
(712, 0, 1, 4),
(713, 0, 2, 4),
(714, 0, 3, 4),
(715, 0, 1, 5),
(716, 0, 2, 5),
(717, 0, 3, 5),
(718, 0, 1, 6),
(719, 0, 2, 6),
(720, 0, 3, 6),
(721, 0, 1, 54),
(722, 0, 2, 54),
(723, 0, 3, 54),
(724, 0, 1, 3),
(725, 0, 2, 3),
(726, 0, 3, 3),
(727, 0, 1, 4),
(728, 0, 2, 4),
(729, 0, 3, 4),
(730, 0, 1, 5),
(731, 0, 2, 5),
(732, 0, 3, 5),
(733, 0, 1, 6),
(734, 0, 2, 6),
(735, 0, 3, 6),
(736, 0, 1, 55),
(737, 0, 2, 55),
(738, 0, 3, 55),
(739, 0, 1, 3),
(740, 0, 2, 3),
(741, 0, 3, 3),
(742, 0, 1, 4),
(743, 0, 2, 4),
(744, 0, 3, 4),
(745, 0, 1, 5),
(746, 0, 2, 5),
(747, 0, 3, 5),
(748, 0, 1, 6),
(749, 0, 2, 6),
(750, 0, 3, 6),
(751, 0, 1, 56),
(752, 0, 2, 56),
(753, 0, 3, 56),
(754, 0, 1, 3),
(755, 0, 2, 3),
(756, 0, 3, 3),
(757, 0, 1, 4),
(758, 0, 2, 4),
(759, 0, 3, 4),
(760, 0, 1, 5),
(761, 0, 2, 5),
(762, 0, 3, 5),
(763, 0, 1, 6),
(764, 0, 2, 6),
(765, 0, 3, 6),
(766, 0, 1, 57),
(767, 0, 2, 57),
(768, 0, 3, 57),
(769, 0, 1, 3),
(770, 0, 2, 3),
(771, 0, 3, 3),
(772, 0, 1, 4),
(773, 0, 2, 4),
(774, 0, 3, 4),
(775, 0, 1, 5),
(776, 0, 2, 5),
(777, 0, 3, 5),
(778, 0, 1, 6),
(779, 0, 2, 6),
(780, 0, 3, 6),
(781, 0, 1, 58),
(782, 0, 2, 58),
(783, 0, 3, 58),
(784, 0, 1, 3),
(785, 0, 2, 3),
(786, 0, 3, 3),
(787, 0, 1, 4),
(788, 0, 2, 4),
(789, 0, 3, 4),
(790, 0, 1, 5),
(791, 0, 2, 5),
(792, 0, 3, 5),
(793, 0, 1, 6),
(794, 0, 2, 6),
(795, 0, 3, 6),
(796, 0, 1, 59),
(797, 0, 2, 59),
(798, 0, 3, 59),
(799, 0, 1, 3),
(800, 0, 2, 3),
(801, 0, 3, 3),
(802, 0, 1, 4),
(803, 0, 2, 4),
(804, 0, 3, 4),
(805, 0, 1, 5),
(806, 0, 2, 5),
(807, 0, 3, 5),
(808, 0, 1, 6),
(809, 0, 2, 6),
(810, 0, 3, 6),
(811, 0, 1, 60),
(812, 0, 2, 60),
(813, 0, 3, 60),
(814, 0, 1, 3),
(815, 0, 2, 3),
(816, 0, 3, 3),
(817, 0, 1, 4),
(818, 0, 2, 4),
(819, 0, 3, 4),
(820, 0, 1, 5),
(821, 0, 2, 5),
(822, 0, 3, 5),
(823, 0, 1, 6),
(824, 0, 2, 6),
(825, 0, 3, 6),
(826, 0, 1, 61),
(827, 0, 2, 61),
(828, 0, 3, 61),
(829, 0, 1, 3),
(830, 0, 2, 3),
(831, 0, 3, 3),
(832, 0, 1, 4),
(833, 0, 2, 4),
(834, 0, 3, 4),
(835, 0, 1, 5),
(836, 0, 2, 5),
(837, 0, 3, 5),
(838, 0, 1, 6),
(839, 0, 2, 6),
(840, 0, 3, 6),
(841, 0, 1, 62),
(842, 0, 2, 62),
(843, 0, 3, 62),
(844, 0, 1, 3),
(845, 0, 2, 3),
(846, 0, 3, 3),
(847, 0, 1, 4),
(848, 0, 2, 4),
(849, 0, 3, 4),
(850, 0, 1, 5),
(851, 0, 2, 5),
(852, 0, 3, 5),
(853, 0, 1, 6),
(854, 0, 2, 6),
(855, 0, 3, 6),
(856, 0, 1, 63),
(857, 0, 2, 63),
(858, 0, 3, 63),
(859, 0, 1, 3),
(860, 0, 2, 3),
(861, 0, 3, 3),
(862, 0, 1, 4),
(863, 0, 2, 4),
(864, 0, 3, 4),
(865, 0, 1, 5),
(866, 0, 2, 5),
(867, 0, 3, 5),
(868, 0, 1, 6),
(869, 0, 2, 6),
(870, 0, 3, 6),
(871, 0, 1, 64),
(872, 0, 2, 64),
(873, 0, 3, 64),
(874, 0, 1, 3),
(875, 0, 2, 3),
(876, 0, 3, 3),
(877, 0, 1, 4),
(878, 0, 2, 4),
(879, 0, 3, 4),
(880, 0, 1, 5),
(881, 0, 2, 5),
(882, 0, 3, 5),
(883, 0, 1, 6),
(884, 0, 2, 6),
(885, 0, 3, 6),
(886, 0, 1, 65),
(887, 0, 2, 65),
(888, 0, 3, 65),
(889, 0, 1, 3),
(890, 0, 2, 3),
(891, 0, 3, 3),
(892, 0, 1, 4),
(893, 0, 2, 4),
(894, 0, 3, 4),
(895, 0, 1, 5),
(896, 0, 2, 5),
(897, 0, 3, 5),
(898, 0, 1, 6),
(899, 0, 2, 6),
(900, 0, 3, 6),
(901, 0, 1, 66),
(902, 0, 2, 66),
(903, 0, 3, 66),
(904, 0, 1, 3),
(905, 0, 2, 3),
(906, 0, 3, 3),
(907, 0, 1, 4),
(908, 0, 2, 4),
(909, 0, 3, 4),
(910, 0, 1, 5),
(911, 0, 2, 5),
(912, 0, 3, 5),
(913, 0, 1, 6),
(914, 0, 2, 6),
(915, 0, 3, 6),
(916, 0, 1, 67),
(917, 0, 2, 67),
(918, 0, 3, 67),
(919, 0, 1, 3),
(920, 0, 2, 3),
(921, 0, 3, 3),
(922, 0, 1, 4),
(923, 0, 2, 4),
(924, 0, 3, 4),
(925, 0, 1, 5),
(926, 0, 2, 5),
(927, 0, 3, 5),
(928, 0, 1, 6),
(929, 0, 2, 6),
(930, 0, 3, 6),
(931, 0, 1, 68),
(932, 0, 2, 68),
(933, 0, 3, 68),
(934, 0, 1, 3),
(935, 0, 2, 3),
(936, 0, 3, 3),
(937, 0, 1, 4),
(938, 0, 2, 4),
(939, 0, 3, 4),
(940, 0, 1, 5),
(941, 0, 2, 5),
(942, 0, 3, 5),
(943, 0, 1, 6),
(944, 0, 2, 6),
(945, 0, 3, 6),
(946, 0, 1, 69),
(947, 0, 2, 69),
(948, 0, 3, 69),
(949, 0, 1, 3),
(950, 0, 2, 3),
(951, 0, 3, 3),
(952, 0, 1, 4),
(953, 0, 2, 4),
(954, 0, 3, 4),
(955, 0, 1, 5),
(956, 0, 2, 5),
(957, 0, 3, 5),
(958, 0, 1, 6),
(959, 0, 2, 6),
(960, 0, 3, 6),
(961, 0, 1, 70),
(962, 0, 2, 70),
(963, 0, 3, 70),
(964, 0, 1, 3),
(965, 0, 2, 3),
(966, 0, 3, 3),
(967, 0, 1, 4),
(968, 0, 2, 4),
(969, 0, 3, 4),
(970, 0, 1, 5),
(971, 0, 2, 5),
(972, 0, 3, 5),
(973, 0, 1, 6),
(974, 0, 2, 6),
(975, 0, 3, 6),
(976, 0, 1, 71),
(977, 0, 2, 71),
(978, 0, 3, 71),
(979, 0, 1, 3),
(980, 0, 2, 3),
(981, 0, 3, 3),
(982, 0, 1, 4),
(983, 0, 2, 4),
(984, 0, 3, 4),
(985, 0, 1, 5),
(986, 0, 2, 5),
(987, 0, 3, 5),
(988, 0, 1, 6),
(989, 0, 2, 6),
(990, 0, 3, 6),
(991, 0, 1, 72),
(992, 0, 2, 72),
(993, 0, 3, 72),
(994, 0, 1, 3),
(995, 0, 2, 3),
(996, 0, 3, 3),
(997, 0, 1, 4),
(998, 0, 2, 4),
(999, 0, 3, 4),
(1000, 0, 1, 5),
(1001, 0, 2, 5),
(1002, 0, 3, 5),
(1003, 0, 1, 6),
(1004, 0, 2, 6),
(1005, 0, 3, 6),
(1006, 0, 1, 73),
(1007, 0, 2, 73),
(1008, 0, 3, 73),
(1009, 0, 1, 3),
(1010, 0, 2, 3),
(1011, 0, 3, 3),
(1012, 0, 1, 4),
(1013, 0, 2, 4),
(1014, 0, 3, 4),
(1015, 0, 1, 5),
(1016, 0, 2, 5),
(1017, 0, 3, 5),
(1018, 0, 1, 6),
(1019, 0, 2, 6),
(1020, 0, 3, 6),
(1021, 0, 1, 74),
(1022, 0, 2, 74),
(1023, 0, 3, 74),
(1024, 0, 1, 3),
(1025, 0, 2, 3),
(1026, 0, 3, 3),
(1027, 0, 1, 4),
(1028, 0, 2, 4),
(1029, 0, 3, 4),
(1030, 0, 1, 5),
(1031, 0, 2, 5),
(1032, 0, 3, 5),
(1033, 0, 1, 6),
(1034, 0, 2, 6),
(1035, 0, 3, 6),
(1036, 0, 1, 75),
(1037, 0, 2, 75),
(1038, 0, 3, 75),
(1039, 0, 1, 3),
(1040, 0, 2, 3),
(1041, 0, 3, 3),
(1042, 0, 1, 4),
(1043, 0, 2, 4),
(1044, 0, 3, 4),
(1045, 0, 1, 5),
(1046, 0, 2, 5),
(1047, 0, 3, 5),
(1048, 0, 1, 6),
(1049, 0, 2, 6),
(1050, 0, 3, 6),
(1051, 0, 1, 76),
(1052, 0, 2, 76),
(1053, 0, 3, 76),
(1054, 0, 1, 3),
(1055, 0, 2, 3),
(1056, 0, 3, 3),
(1057, 0, 1, 4),
(1058, 0, 2, 4),
(1059, 0, 3, 4),
(1060, 0, 1, 5),
(1061, 0, 2, 5),
(1062, 0, 3, 5),
(1063, 0, 1, 6),
(1064, 0, 2, 6),
(1065, 0, 3, 6),
(1066, 0, 1, 77),
(1067, 0, 2, 77),
(1068, 0, 3, 77),
(1069, 0, 1, 3),
(1070, 0, 2, 3),
(1071, 0, 3, 3),
(1072, 0, 1, 4),
(1073, 0, 2, 4),
(1074, 0, 3, 4),
(1075, 0, 1, 5),
(1076, 0, 2, 5),
(1077, 0, 3, 5),
(1078, 0, 1, 6),
(1079, 0, 2, 6),
(1080, 0, 3, 6),
(1081, 0, 1, 78),
(1082, 0, 2, 78),
(1083, 0, 3, 78),
(1084, 0, 1, 3),
(1085, 0, 2, 3),
(1086, 0, 3, 3),
(1087, 0, 1, 4),
(1088, 0, 2, 4),
(1089, 0, 3, 4),
(1090, 0, 1, 5),
(1091, 0, 2, 5),
(1092, 0, 3, 5),
(1093, 0, 1, 6),
(1094, 0, 2, 6),
(1095, 0, 3, 6),
(1096, 0, 1, 79),
(1097, 0, 2, 79),
(1098, 0, 3, 79),
(1099, 0, 1, 3),
(1100, 0, 2, 3),
(1101, 0, 3, 3),
(1102, 0, 1, 4),
(1103, 0, 2, 4),
(1104, 0, 3, 4),
(1105, 0, 1, 5),
(1106, 0, 2, 5),
(1107, 0, 3, 5),
(1108, 0, 1, 6),
(1109, 0, 2, 6),
(1110, 0, 3, 6),
(1111, 0, 1, 80),
(1112, 0, 2, 80),
(1113, 0, 3, 80),
(1114, 0, 1, 3),
(1115, 0, 2, 3),
(1116, 0, 3, 3),
(1117, 0, 1, 4),
(1118, 0, 2, 4),
(1119, 0, 3, 4),
(1120, 0, 1, 5),
(1121, 0, 2, 5),
(1122, 0, 3, 5),
(1123, 0, 1, 6),
(1124, 0, 2, 6),
(1125, 0, 3, 6),
(1126, 0, 1, 81),
(1127, 0, 2, 81),
(1128, 0, 3, 81),
(1129, 0, 1, 3),
(1130, 0, 2, 3),
(1131, 0, 3, 3),
(1132, 0, 1, 4),
(1133, 0, 2, 4),
(1134, 0, 3, 4),
(1135, 0, 1, 5),
(1136, 0, 2, 5),
(1137, 0, 3, 5),
(1138, 0, 1, 6),
(1139, 0, 2, 6),
(1140, 0, 3, 6),
(1141, 0, 1, 82),
(1142, 0, 2, 82),
(1143, 0, 3, 82),
(1144, 0, 1, 3),
(1145, 0, 2, 3),
(1146, 0, 3, 3),
(1147, 0, 1, 4),
(1148, 0, 2, 4),
(1149, 0, 3, 4),
(1150, 0, 1, 5),
(1151, 0, 2, 5),
(1152, 0, 3, 5),
(1153, 0, 1, 6),
(1154, 0, 2, 6),
(1155, 0, 3, 6),
(1156, 0, 1, 83),
(1157, 0, 2, 83),
(1158, 0, 3, 83),
(1159, 0, 1, 3),
(1160, 0, 2, 3),
(1161, 0, 3, 3),
(1162, 0, 1, 4),
(1163, 0, 2, 4),
(1164, 0, 3, 4),
(1165, 0, 1, 5),
(1166, 0, 2, 5),
(1167, 0, 3, 5),
(1168, 0, 1, 6),
(1169, 0, 2, 6),
(1170, 0, 3, 6),
(1171, 0, 1, 84),
(1172, 0, 2, 84),
(1173, 0, 3, 84),
(1174, 0, 1, 3),
(1175, 0, 2, 3),
(1176, 0, 3, 3),
(1177, 0, 1, 4),
(1178, 0, 2, 4),
(1179, 0, 3, 4),
(1180, 0, 1, 5),
(1181, 0, 2, 5),
(1182, 0, 3, 5),
(1183, 0, 1, 6),
(1184, 0, 2, 6),
(1185, 0, 3, 6),
(1186, 0, 1, 85),
(1187, 0, 2, 85),
(1188, 0, 3, 85),
(1189, 0, 1, 3),
(1190, 0, 2, 3),
(1191, 0, 3, 3),
(1192, 0, 1, 4),
(1193, 0, 2, 4),
(1194, 0, 3, 4),
(1195, 0, 1, 5),
(1196, 0, 2, 5),
(1197, 0, 3, 5),
(1198, 0, 1, 6),
(1199, 0, 2, 6),
(1200, 0, 3, 6),
(1201, 0, 1, 86),
(1202, 0, 2, 86),
(1203, 0, 3, 86),
(1204, 0, 1, 3),
(1205, 0, 2, 3),
(1206, 0, 3, 3),
(1207, 0, 1, 4),
(1208, 0, 2, 4),
(1209, 0, 3, 4),
(1210, 0, 1, 5),
(1211, 0, 2, 5),
(1212, 0, 3, 5),
(1213, 0, 1, 6),
(1214, 0, 2, 6),
(1215, 0, 3, 6),
(1216, 0, 1, 87),
(1217, 0, 2, 87),
(1218, 0, 3, 87),
(1219, 0, 1, 3),
(1220, 0, 2, 3),
(1221, 0, 3, 3),
(1222, 0, 1, 4),
(1223, 0, 2, 4),
(1224, 0, 3, 4),
(1225, 0, 1, 5),
(1226, 0, 2, 5),
(1227, 0, 3, 5),
(1228, 0, 1, 6),
(1229, 0, 2, 6),
(1230, 0, 3, 6),
(1231, 0, 1, 88),
(1232, 0, 2, 88),
(1233, 0, 3, 88),
(1234, 0, 1, 3),
(1235, 0, 2, 3),
(1236, 0, 3, 3),
(1237, 0, 1, 4),
(1238, 0, 2, 4),
(1239, 0, 3, 4),
(1240, 0, 1, 5),
(1241, 0, 2, 5),
(1242, 0, 3, 5),
(1243, 0, 1, 6),
(1244, 0, 2, 6),
(1245, 0, 3, 6),
(1246, 0, 1, 89),
(1247, 0, 2, 89),
(1248, 0, 3, 89),
(1249, 0, 1, 3),
(1250, 0, 2, 3),
(1251, 0, 3, 3),
(1252, 0, 1, 4),
(1253, 0, 2, 4),
(1254, 0, 3, 4),
(1255, 0, 1, 5),
(1256, 0, 2, 5),
(1257, 0, 3, 5),
(1258, 0, 1, 6),
(1259, 0, 2, 6),
(1260, 0, 3, 6),
(1261, 0, 1, 90),
(1262, 0, 2, 90),
(1263, 0, 3, 90),
(1264, 0, 1, 3),
(1265, 0, 2, 3),
(1266, 0, 3, 3),
(1267, 0, 1, 4),
(1268, 0, 2, 4),
(1269, 0, 3, 4),
(1270, 0, 1, 5),
(1271, 0, 2, 5),
(1272, 0, 3, 5),
(1273, 0, 1, 6),
(1274, 0, 2, 6),
(1275, 0, 3, 6),
(1276, 0, 1, 91),
(1277, 0, 2, 91),
(1278, 0, 3, 91),
(1279, 0, 1, 3),
(1280, 0, 2, 3),
(1281, 0, 3, 3),
(1282, 0, 1, 4),
(1283, 0, 2, 4),
(1284, 0, 3, 4),
(1285, 0, 1, 5),
(1286, 0, 2, 5),
(1287, 0, 3, 5),
(1288, 0, 1, 6),
(1289, 0, 2, 6),
(1290, 0, 3, 6),
(1291, 0, 1, 92),
(1292, 0, 2, 92),
(1293, 0, 3, 92),
(1294, 0, 1, 3),
(1295, 0, 2, 3),
(1296, 0, 3, 3),
(1297, 0, 1, 4),
(1298, 0, 2, 4),
(1299, 0, 3, 4),
(1300, 0, 1, 5),
(1301, 0, 2, 5),
(1302, 0, 3, 5),
(1303, 0, 1, 6),
(1304, 0, 2, 6),
(1305, 0, 3, 6),
(1306, 0, 1, 93),
(1307, 0, 2, 93),
(1308, 0, 3, 93),
(1309, 0, 1, 3),
(1310, 0, 2, 3),
(1311, 0, 3, 3),
(1312, 0, 1, 4),
(1313, 0, 2, 4),
(1314, 0, 3, 4),
(1315, 0, 1, 5),
(1316, 0, 2, 5),
(1317, 0, 3, 5),
(1318, 0, 1, 6),
(1319, 0, 2, 6),
(1320, 0, 3, 6),
(1321, 0, 1, 94),
(1322, 0, 2, 94),
(1323, 0, 3, 94),
(1324, 0, 1, 3),
(1325, 0, 2, 3),
(1326, 0, 3, 3),
(1327, 0, 1, 4),
(1328, 0, 2, 4),
(1329, 0, 3, 4),
(1330, 0, 1, 5),
(1331, 0, 2, 5),
(1332, 0, 3, 5),
(1333, 0, 1, 6),
(1334, 0, 2, 6),
(1335, 0, 3, 6),
(1336, 0, 1, 95),
(1337, 0, 2, 95),
(1338, 0, 3, 95),
(1339, 0, 1, 3),
(1340, 0, 2, 3),
(1341, 0, 3, 3),
(1342, 0, 1, 4),
(1343, 0, 2, 4),
(1344, 0, 3, 4),
(1345, 0, 1, 5),
(1346, 0, 2, 5),
(1347, 0, 3, 5),
(1348, 0, 1, 6),
(1349, 0, 2, 6),
(1350, 0, 3, 6),
(1351, 0, 1, 96),
(1352, 0, 2, 96),
(1353, 0, 3, 96),
(1354, 0, 1, 3),
(1355, 0, 2, 3),
(1356, 0, 3, 3),
(1357, 0, 1, 4),
(1358, 0, 2, 4),
(1359, 0, 3, 4),
(1360, 0, 1, 5),
(1361, 0, 2, 5),
(1362, 0, 3, 5),
(1363, 0, 1, 6),
(1364, 0, 2, 6),
(1365, 0, 3, 6),
(1366, 0, 1, 97),
(1367, 0, 2, 97),
(1368, 0, 3, 97),
(1369, 0, 1, 3),
(1370, 0, 2, 3),
(1371, 0, 3, 3),
(1372, 0, 1, 4),
(1373, 0, 2, 4),
(1374, 0, 3, 4),
(1375, 0, 1, 5),
(1376, 0, 2, 5),
(1377, 0, 3, 5),
(1378, 0, 1, 6),
(1379, 0, 2, 6),
(1380, 0, 3, 6),
(1381, 0, 1, 98),
(1382, 0, 2, 98),
(1383, 0, 3, 98),
(1384, 0, 1, 3),
(1385, 0, 2, 3),
(1386, 0, 3, 3),
(1387, 0, 1, 4),
(1388, 0, 2, 4),
(1389, 0, 3, 4),
(1390, 0, 1, 5),
(1391, 0, 2, 5),
(1392, 0, 3, 5),
(1393, 0, 1, 6),
(1394, 0, 2, 6),
(1395, 0, 3, 6),
(1396, 0, 1, 99),
(1397, 0, 2, 99),
(1398, 0, 3, 99),
(1399, 0, 1, 3),
(1400, 0, 2, 3),
(1401, 0, 3, 3),
(1402, 0, 1, 4),
(1403, 0, 2, 4),
(1404, 0, 3, 4),
(1405, 0, 1, 5),
(1406, 0, 2, 5),
(1407, 0, 3, 5),
(1408, 0, 1, 6),
(1409, 0, 2, 6),
(1410, 0, 3, 6),
(1411, 0, 1, 100),
(1412, 0, 2, 100),
(1413, 0, 3, 100),
(1414, 0, 1, 3),
(1415, 0, 2, 3),
(1416, 0, 3, 3),
(1417, 0, 1, 4),
(1418, 0, 2, 4),
(1419, 0, 3, 4),
(1420, 0, 1, 5),
(1421, 0, 2, 5),
(1422, 0, 3, 5),
(1423, 0, 1, 6),
(1424, 0, 2, 6),
(1425, 0, 3, 6),
(1426, 0, 1, 101),
(1427, 0, 2, 101),
(1428, 0, 3, 101),
(1429, 0, 1, 3),
(1430, 0, 2, 3),
(1431, 0, 3, 3),
(1432, 0, 1, 4),
(1433, 0, 2, 4),
(1434, 0, 3, 4),
(1435, 0, 1, 5),
(1436, 0, 2, 5),
(1437, 0, 3, 5),
(1438, 0, 1, 6),
(1439, 0, 2, 6),
(1440, 0, 3, 6),
(1441, 0, 1, 102),
(1442, 0, 2, 102),
(1443, 0, 3, 102),
(1444, 0, 1, 3),
(1445, 0, 2, 3),
(1446, 0, 3, 3),
(1447, 0, 1, 4),
(1448, 0, 2, 4),
(1449, 0, 3, 4),
(1450, 0, 1, 5),
(1451, 0, 2, 5),
(1452, 0, 3, 5),
(1453, 0, 1, 6),
(1454, 0, 2, 6),
(1455, 0, 3, 6),
(1456, 0, 1, 103),
(1457, 0, 2, 103),
(1458, 0, 3, 103),
(1459, 0, 1, 3),
(1460, 0, 2, 3),
(1461, 0, 3, 3),
(1462, 0, 1, 4),
(1463, 0, 2, 4),
(1464, 0, 3, 4),
(1465, 0, 1, 5),
(1466, 0, 2, 5),
(1467, 0, 3, 5),
(1468, 0, 1, 6),
(1469, 0, 2, 6),
(1470, 0, 3, 6),
(1471, 0, 1, 104),
(1472, 0, 2, 104),
(1473, 0, 3, 104),
(1474, 0, 1, 3),
(1475, 0, 2, 3),
(1476, 0, 3, 3),
(1477, 0, 1, 4),
(1478, 0, 2, 4),
(1479, 0, 3, 4),
(1480, 0, 1, 5),
(1481, 0, 2, 5),
(1482, 0, 3, 5),
(1483, 0, 1, 6),
(1484, 0, 2, 6),
(1485, 0, 3, 6),
(1486, 0, 1, 105),
(1487, 0, 2, 105),
(1488, 0, 3, 105),
(1489, 0, 1, 3),
(1490, 0, 2, 3),
(1491, 0, 3, 3),
(1492, 0, 1, 4),
(1493, 0, 2, 4),
(1494, 0, 3, 4),
(1495, 0, 1, 5),
(1496, 0, 2, 5),
(1497, 0, 3, 5),
(1498, 0, 1, 6),
(1499, 0, 2, 6),
(1500, 0, 3, 6),
(1501, 0, 1, 106),
(1502, 0, 2, 106),
(1503, 0, 3, 106),
(1504, 0, 1, 3),
(1505, 0, 2, 3),
(1506, 0, 3, 3),
(1507, 0, 1, 4),
(1508, 0, 2, 4),
(1509, 0, 3, 4),
(1510, 0, 1, 5),
(1511, 0, 2, 5),
(1512, 0, 3, 5),
(1513, 0, 1, 6),
(1514, 0, 2, 6),
(1515, 0, 3, 6),
(1516, 0, 1, 107),
(1517, 0, 2, 107),
(1518, 0, 3, 107),
(1519, 0, 1, 3),
(1520, 0, 2, 3),
(1521, 0, 3, 3),
(1522, 0, 1, 4),
(1523, 0, 2, 4),
(1524, 0, 3, 4),
(1525, 0, 1, 5),
(1526, 0, 2, 5),
(1527, 0, 3, 5),
(1528, 0, 1, 6),
(1529, 0, 2, 6),
(1530, 0, 3, 6),
(1531, 0, 1, 108),
(1532, 0, 2, 108),
(1533, 0, 3, 108),
(1534, 0, 1, 3),
(1535, 0, 2, 3),
(1536, 0, 3, 3),
(1537, 0, 1, 4),
(1538, 0, 2, 4),
(1539, 0, 3, 4),
(1540, 0, 1, 5),
(1541, 0, 2, 5),
(1542, 0, 3, 5),
(1543, 0, 1, 6),
(1544, 0, 2, 6),
(1545, 0, 3, 6),
(1546, 0, 1, 109),
(1547, 0, 2, 109),
(1548, 0, 3, 109),
(1549, 0, 1, 3),
(1550, 0, 2, 3),
(1551, 0, 3, 3),
(1552, 0, 1, 4),
(1553, 0, 2, 4),
(1554, 0, 3, 4),
(1555, 0, 1, 5),
(1556, 0, 2, 5),
(1557, 0, 3, 5),
(1558, 0, 1, 6),
(1559, 0, 2, 6),
(1560, 0, 3, 6),
(1561, 0, 1, 110),
(1562, 0, 2, 110),
(1563, 0, 3, 110),
(1564, 0, 1, 3),
(1565, 0, 2, 3),
(1566, 0, 3, 3),
(1567, 0, 1, 4),
(1568, 0, 2, 4),
(1569, 0, 3, 4),
(1570, 0, 1, 5),
(1571, 0, 2, 5),
(1572, 0, 3, 5),
(1573, 0, 1, 6),
(1574, 0, 2, 6),
(1575, 0, 3, 6),
(1576, 0, 1, 111),
(1577, 0, 2, 111),
(1578, 0, 3, 111),
(1579, 0, 1, 3),
(1580, 0, 2, 3),
(1581, 0, 3, 3),
(1582, 0, 1, 4),
(1583, 0, 2, 4),
(1584, 0, 3, 4),
(1585, 0, 1, 5),
(1586, 0, 2, 5),
(1587, 0, 3, 5),
(1588, 0, 1, 6),
(1589, 0, 2, 6),
(1590, 0, 3, 6),
(1591, 0, 1, 112),
(1592, 0, 2, 112),
(1593, 0, 3, 112),
(1594, 0, 1, 3),
(1595, 0, 2, 3),
(1596, 0, 3, 3),
(1597, 0, 1, 4),
(1598, 0, 2, 4),
(1599, 0, 3, 4),
(1600, 0, 1, 5),
(1601, 0, 2, 5),
(1602, 0, 3, 5),
(1603, 0, 1, 6),
(1604, 0, 2, 6),
(1605, 0, 3, 6),
(1606, 0, 1, 113),
(1607, 0, 2, 113),
(1608, 0, 3, 113),
(1609, 0, 1, 3),
(1610, 0, 2, 3),
(1611, 0, 3, 3),
(1612, 0, 1, 4),
(1613, 0, 2, 4),
(1614, 0, 3, 4),
(1615, 0, 1, 5),
(1616, 0, 2, 5),
(1617, 0, 3, 5),
(1618, 0, 1, 6),
(1619, 0, 2, 6),
(1620, 0, 3, 6),
(1621, 0, 1, 114),
(1622, 0, 2, 114),
(1623, 0, 3, 114),
(1624, 0, 1, 3),
(1625, 0, 2, 3),
(1626, 0, 3, 3),
(1627, 0, 1, 4),
(1628, 0, 2, 4),
(1629, 0, 3, 4),
(1630, 0, 1, 5),
(1631, 0, 2, 5),
(1632, 0, 3, 5),
(1633, 0, 1, 6),
(1634, 0, 2, 6),
(1635, 0, 3, 6),
(1636, 0, 1, 115),
(1637, 0, 2, 115),
(1638, 0, 3, 115),
(1639, 0, 1, 3),
(1640, 0, 2, 3),
(1641, 0, 3, 3),
(1642, 0, 1, 4),
(1643, 0, 2, 4),
(1644, 0, 3, 4),
(1645, 0, 1, 5),
(1646, 0, 2, 5),
(1647, 0, 3, 5),
(1648, 0, 1, 6),
(1649, 0, 2, 6),
(1650, 0, 3, 6),
(1651, 0, 1, 116),
(1652, 0, 2, 116),
(1653, 0, 3, 116),
(1654, 0, 1, 3),
(1655, 0, 2, 3),
(1656, 0, 3, 3),
(1657, 0, 1, 4),
(1658, 0, 2, 4),
(1659, 0, 3, 4),
(1660, 0, 1, 5),
(1661, 0, 2, 5),
(1662, 0, 3, 5),
(1663, 0, 1, 6),
(1664, 0, 2, 6),
(1665, 0, 3, 6),
(1666, 0, 1, 117),
(1667, 0, 2, 117),
(1668, 0, 3, 117),
(1669, 0, 1, 3),
(1670, 0, 2, 3),
(1671, 0, 3, 3),
(1672, 0, 1, 4),
(1673, 0, 2, 4),
(1674, 0, 3, 4),
(1675, 0, 1, 5),
(1676, 0, 2, 5),
(1677, 0, 3, 5),
(1678, 0, 1, 6),
(1679, 0, 2, 6),
(1680, 0, 3, 6),
(1681, 0, 1, 118),
(1682, 0, 2, 118),
(1683, 0, 3, 118),
(1684, 0, 1, 3),
(1685, 0, 2, 3),
(1686, 0, 3, 3),
(1687, 0, 1, 4),
(1688, 0, 2, 4),
(1689, 0, 3, 4),
(1690, 0, 1, 5),
(1691, 0, 2, 5),
(1692, 0, 3, 5),
(1693, 0, 1, 6),
(1694, 0, 2, 6),
(1695, 0, 3, 6),
(1696, 0, 1, 119),
(1697, 0, 2, 119),
(1698, 0, 3, 119),
(1699, 0, 1, 3),
(1700, 0, 2, 3),
(1701, 0, 3, 3),
(1702, 0, 1, 4),
(1703, 0, 2, 4),
(1704, 0, 3, 4),
(1705, 0, 1, 5),
(1706, 0, 2, 5),
(1707, 0, 3, 5),
(1708, 0, 1, 6),
(1709, 0, 2, 6),
(1710, 0, 3, 6),
(1711, 0, 1, 120),
(1712, 0, 2, 120),
(1713, 0, 3, 120),
(1714, 0, 1, 3),
(1715, 0, 2, 3),
(1716, 0, 3, 3),
(1717, 0, 1, 4),
(1718, 0, 2, 4),
(1719, 0, 3, 4),
(1720, 0, 1, 5),
(1721, 0, 2, 5),
(1722, 0, 3, 5),
(1723, 0, 1, 6),
(1724, 0, 2, 6),
(1725, 0, 3, 6),
(1726, 0, 1, 121),
(1727, 0, 2, 121),
(1728, 0, 3, 121),
(1729, 0, 1, 3),
(1730, 0, 2, 3),
(1731, 0, 3, 3),
(1732, 0, 1, 4),
(1733, 0, 2, 4),
(1734, 0, 3, 4),
(1735, 0, 1, 5),
(1736, 0, 2, 5),
(1737, 0, 3, 5),
(1738, 0, 1, 6),
(1739, 0, 2, 6),
(1740, 0, 3, 6),
(1741, 0, 1, 122),
(1742, 0, 2, 122),
(1743, 0, 3, 122),
(1744, 0, 1, 3),
(1745, 0, 2, 3),
(1746, 0, 3, 3),
(1747, 0, 1, 4),
(1748, 0, 2, 4),
(1749, 0, 3, 4),
(1750, 0, 1, 5),
(1751, 0, 2, 5),
(1752, 0, 3, 5),
(1753, 0, 1, 6),
(1754, 0, 2, 6),
(1755, 0, 3, 6),
(1756, 0, 1, 123),
(1757, 0, 2, 123),
(1758, 0, 3, 123),
(1759, 0, 1, 3),
(1760, 0, 2, 3),
(1761, 0, 3, 3),
(1762, 0, 1, 4),
(1763, 0, 2, 4),
(1764, 0, 3, 4),
(1765, 0, 1, 5),
(1766, 0, 2, 5),
(1767, 0, 3, 5),
(1768, 0, 1, 6),
(1769, 0, 2, 6),
(1770, 0, 3, 6),
(1771, 0, 1, 124),
(1772, 0, 2, 124),
(1773, 0, 3, 124),
(1774, 0, 1, 3),
(1775, 0, 2, 3),
(1776, 0, 3, 3),
(1777, 0, 1, 4),
(1778, 0, 2, 4),
(1779, 0, 3, 4),
(1780, 0, 1, 5),
(1781, 0, 2, 5),
(1782, 0, 3, 5),
(1783, 0, 1, 6),
(1784, 0, 2, 6),
(1785, 0, 3, 6),
(1786, 0, 1, 125),
(1787, 0, 2, 125),
(1788, 0, 3, 125),
(1789, 0, 1, 3),
(1790, 0, 2, 3),
(1791, 0, 3, 3),
(1792, 0, 1, 4),
(1793, 0, 2, 4),
(1794, 0, 3, 4),
(1795, 0, 1, 5),
(1796, 0, 2, 5),
(1797, 0, 3, 5),
(1798, 0, 1, 6),
(1799, 0, 2, 6),
(1800, 0, 3, 6),
(1801, 0, 1, 126),
(1802, 0, 2, 126),
(1803, 0, 3, 126),
(1804, 0, 1, 3),
(1805, 0, 2, 3),
(1806, 0, 3, 3),
(1807, 0, 1, 4),
(1808, 0, 2, 4),
(1809, 0, 3, 4),
(1810, 0, 1, 5),
(1811, 0, 2, 5),
(1812, 0, 3, 5),
(1813, 0, 1, 6),
(1814, 0, 2, 6),
(1815, 0, 3, 6),
(1816, 0, 1, 127),
(1817, 0, 2, 127),
(1818, 0, 3, 127),
(1819, 0, 1, 3),
(1820, 0, 2, 3),
(1821, 0, 3, 3),
(1822, 0, 1, 4),
(1823, 0, 2, 4),
(1824, 0, 3, 4),
(1825, 0, 1, 5),
(1826, 0, 2, 5),
(1827, 0, 3, 5),
(1828, 0, 1, 6),
(1829, 0, 2, 6),
(1830, 0, 3, 6),
(1831, 0, 1, 128),
(1832, 0, 2, 128),
(1833, 0, 3, 128),
(1834, 0, 1, 3),
(1835, 0, 2, 3),
(1836, 0, 3, 3),
(1837, 0, 1, 4),
(1838, 0, 2, 4),
(1839, 0, 3, 4),
(1840, 0, 1, 5),
(1841, 0, 2, 5),
(1842, 0, 3, 5),
(1843, 0, 1, 6),
(1844, 0, 2, 6),
(1845, 0, 3, 6),
(1846, 0, 1, 129),
(1847, 0, 2, 129),
(1848, 0, 3, 129),
(1849, 0, 1, 3),
(1850, 0, 2, 3),
(1851, 0, 3, 3),
(1852, 0, 1, 4),
(1853, 0, 2, 4),
(1854, 0, 3, 4),
(1855, 0, 1, 5),
(1856, 0, 2, 5),
(1857, 0, 3, 5),
(1858, 0, 1, 6),
(1859, 0, 2, 6),
(1860, 0, 3, 6),
(1861, 0, 1, 130),
(1862, 0, 2, 130),
(1863, 0, 3, 130),
(1864, 0, 1, 3),
(1865, 0, 2, 3),
(1866, 0, 3, 3),
(1867, 0, 1, 4),
(1868, 0, 2, 4),
(1869, 0, 3, 4),
(1870, 0, 1, 5),
(1871, 0, 2, 5),
(1872, 0, 3, 5),
(1873, 0, 1, 6),
(1874, 0, 2, 6),
(1875, 0, 3, 6),
(1876, 0, 1, 131),
(1877, 0, 2, 131),
(1878, 0, 3, 131),
(1879, 0, 1, 3),
(1880, 0, 2, 3),
(1881, 0, 3, 3),
(1882, 0, 1, 4),
(1883, 0, 2, 4),
(1884, 0, 3, 4),
(1885, 0, 1, 5),
(1886, 0, 2, 5),
(1887, 0, 3, 5),
(1888, 0, 1, 6),
(1889, 0, 2, 6),
(1890, 0, 3, 6),
(1891, 0, 1, 132),
(1892, 0, 2, 132),
(1893, 0, 3, 132),
(1894, 0, 1, 3),
(1895, 0, 2, 3),
(1896, 0, 3, 3),
(1897, 0, 1, 4),
(1898, 0, 2, 4),
(1899, 0, 3, 4),
(1900, 0, 1, 5),
(1901, 0, 2, 5),
(1902, 0, 3, 5),
(1903, 0, 1, 6),
(1904, 0, 2, 6),
(1905, 0, 3, 6),
(1906, 0, 1, 133),
(1907, 0, 2, 133),
(1908, 0, 3, 133),
(1909, 0, 1, 3),
(1910, 0, 2, 3),
(1911, 0, 3, 3),
(1912, 0, 1, 4),
(1913, 0, 2, 4),
(1914, 0, 3, 4),
(1915, 0, 1, 5),
(1916, 0, 2, 5),
(1917, 0, 3, 5),
(1918, 0, 1, 6),
(1919, 0, 2, 6),
(1920, 0, 3, 6),
(1921, 0, 1, 134),
(1922, 0, 2, 134),
(1923, 0, 3, 134),
(1924, 0, 1, 3),
(1925, 0, 2, 3),
(1926, 0, 3, 3),
(1927, 0, 1, 4),
(1928, 0, 2, 4),
(1929, 0, 3, 4),
(1930, 0, 1, 5),
(1931, 0, 2, 5),
(1932, 0, 3, 5),
(1933, 0, 1, 6),
(1934, 0, 2, 6),
(1935, 0, 3, 6),
(1936, 0, 1, 135),
(1937, 0, 2, 135),
(1938, 0, 3, 135),
(1939, 0, 1, 3),
(1940, 0, 2, 3),
(1941, 0, 3, 3),
(1942, 0, 1, 4),
(1943, 0, 2, 4),
(1944, 0, 3, 4),
(1945, 0, 1, 5),
(1946, 0, 2, 5),
(1947, 0, 3, 5),
(1948, 0, 1, 6),
(1949, 0, 2, 6),
(1950, 0, 3, 6),
(1951, 0, 1, 136),
(1952, 0, 2, 136),
(1953, 0, 3, 136),
(1954, 0, 1, 3),
(1955, 0, 2, 3),
(1956, 0, 3, 3),
(1957, 0, 1, 4),
(1958, 0, 2, 4),
(1959, 0, 3, 4),
(1960, 0, 1, 5),
(1961, 0, 2, 5),
(1962, 0, 3, 5),
(1963, 0, 1, 6),
(1964, 0, 2, 6),
(1965, 0, 3, 6),
(1966, 0, 1, 137),
(1967, 0, 2, 137),
(1968, 0, 3, 137),
(1969, 0, 1, 3),
(1970, 0, 2, 3),
(1971, 0, 3, 3),
(1972, 0, 1, 4),
(1973, 0, 2, 4),
(1974, 0, 3, 4),
(1975, 0, 1, 5),
(1976, 0, 2, 5),
(1977, 0, 3, 5),
(1978, 0, 1, 6),
(1979, 0, 2, 6),
(1980, 0, 3, 6),
(1981, 0, 1, 138),
(1982, 0, 2, 138),
(1983, 0, 3, 138),
(1984, 0, 1, 3),
(1985, 0, 2, 3),
(1986, 0, 3, 3),
(1987, 0, 1, 4),
(1988, 0, 2, 4),
(1989, 0, 3, 4),
(1990, 0, 1, 5),
(1991, 0, 2, 5),
(1992, 0, 3, 5),
(1993, 0, 1, 6),
(1994, 0, 2, 6),
(1995, 0, 3, 6),
(1996, 0, 1, 139),
(1997, 0, 2, 139),
(1998, 0, 3, 139),
(1999, 0, 1, 3),
(2000, 0, 2, 3),
(2001, 0, 3, 3),
(2002, 0, 1, 4),
(2003, 0, 2, 4),
(2004, 0, 3, 4),
(2005, 0, 1, 5),
(2006, 0, 2, 5),
(2007, 0, 3, 5),
(2008, 0, 1, 6),
(2009, 0, 2, 6),
(2010, 0, 3, 6),
(2011, 0, 1, 140),
(2012, 0, 2, 140),
(2013, 0, 3, 140),
(2014, 0, 1, 3),
(2015, 0, 2, 3),
(2016, 0, 3, 3),
(2017, 0, 1, 4),
(2018, 0, 2, 4),
(2019, 0, 3, 4),
(2020, 0, 1, 5),
(2021, 0, 2, 5),
(2022, 0, 3, 5),
(2023, 0, 1, 6),
(2024, 0, 2, 6),
(2025, 0, 3, 6),
(2026, 0, 1, 141),
(2027, 0, 2, 141),
(2028, 0, 3, 141),
(2029, 0, 1, 3),
(2030, 0, 2, 3),
(2031, 0, 3, 3),
(2032, 0, 1, 4),
(2033, 0, 2, 4),
(2034, 0, 3, 4),
(2035, 0, 1, 5),
(2036, 0, 2, 5),
(2037, 0, 3, 5),
(2038, 0, 1, 6),
(2039, 0, 2, 6),
(2040, 0, 3, 6),
(2041, 0, 1, 142),
(2042, 0, 2, 142),
(2043, 0, 3, 142),
(2044, 0, 1, 3),
(2045, 0, 2, 3),
(2046, 0, 3, 3),
(2047, 0, 1, 4),
(2048, 0, 2, 4),
(2049, 0, 3, 4),
(2050, 0, 1, 5),
(2051, 0, 2, 5),
(2052, 0, 3, 5),
(2053, 0, 1, 6),
(2054, 0, 2, 6),
(2055, 0, 3, 6),
(2056, 0, 1, 143),
(2057, 0, 2, 143),
(2058, 0, 3, 143),
(2059, 0, 1, 3),
(2060, 0, 2, 3),
(2061, 0, 3, 3),
(2062, 0, 1, 4),
(2063, 0, 2, 4),
(2064, 0, 3, 4),
(2065, 0, 1, 5),
(2066, 0, 2, 5),
(2067, 0, 3, 5),
(2068, 0, 1, 6),
(2069, 0, 2, 6),
(2070, 0, 3, 6),
(2071, 0, 1, 144),
(2072, 0, 2, 144),
(2073, 0, 3, 144),
(2074, 0, 1, 3),
(2075, 0, 2, 3),
(2076, 0, 3, 3),
(2077, 0, 1, 4),
(2078, 0, 2, 4),
(2079, 0, 3, 4),
(2080, 0, 1, 5),
(2081, 0, 2, 5),
(2082, 0, 3, 5),
(2083, 0, 1, 6),
(2084, 0, 2, 6),
(2085, 0, 3, 6),
(2086, 0, 1, 145),
(2087, 0, 2, 145),
(2088, 0, 3, 145),
(2089, 0, 1, 3),
(2090, 0, 2, 3),
(2091, 0, 3, 3),
(2092, 0, 1, 4),
(2093, 0, 2, 4),
(2094, 0, 3, 4),
(2095, 0, 1, 5),
(2096, 0, 2, 5),
(2097, 0, 3, 5),
(2098, 0, 1, 6),
(2099, 0, 2, 6),
(2100, 0, 3, 6),
(2101, 0, 1, 146),
(2102, 0, 2, 146),
(2103, 0, 3, 146),
(2104, 0, 1, 3),
(2105, 0, 2, 3),
(2106, 0, 3, 3),
(2107, 0, 1, 4),
(2108, 0, 2, 4),
(2109, 0, 3, 4),
(2110, 0, 1, 5),
(2111, 0, 2, 5),
(2112, 0, 3, 5),
(2113, 0, 1, 6),
(2114, 0, 2, 6),
(2115, 0, 3, 6),
(2116, 0, 1, 147),
(2117, 0, 2, 147),
(2118, 0, 3, 147),
(2119, 0, 1, 3),
(2120, 0, 2, 3),
(2121, 0, 3, 3),
(2122, 0, 1, 4),
(2123, 0, 2, 4),
(2124, 0, 3, 4),
(2125, 0, 1, 5),
(2126, 0, 2, 5),
(2127, 0, 3, 5),
(2128, 0, 1, 6),
(2129, 0, 2, 6),
(2130, 0, 3, 6),
(2131, 0, 1, 148),
(2132, 0, 2, 148),
(2133, 0, 3, 148),
(2134, 0, 1, 3),
(2135, 0, 2, 3),
(2136, 0, 3, 3),
(2137, 0, 1, 4),
(2138, 0, 2, 4),
(2139, 0, 3, 4),
(2140, 0, 1, 5),
(2141, 0, 2, 5),
(2142, 0, 3, 5),
(2143, 0, 1, 6),
(2144, 0, 2, 6),
(2145, 0, 3, 6),
(2146, 0, 1, 149),
(2147, 0, 2, 149),
(2148, 0, 3, 149),
(2149, 0, 1, 3),
(2150, 0, 2, 3),
(2151, 0, 3, 3),
(2152, 0, 1, 4),
(2153, 0, 2, 4),
(2154, 0, 3, 4),
(2155, 0, 1, 5),
(2156, 0, 2, 5),
(2157, 0, 3, 5),
(2158, 0, 1, 6),
(2159, 0, 2, 6),
(2160, 0, 3, 6),
(2161, 0, 1, 150),
(2162, 0, 2, 150),
(2163, 0, 3, 150),
(2164, 0, 1, 3),
(2165, 0, 2, 3),
(2166, 0, 3, 3),
(2167, 0, 1, 4),
(2168, 0, 2, 4),
(2169, 0, 3, 4),
(2170, 0, 1, 5),
(2171, 0, 2, 5),
(2172, 0, 3, 5),
(2173, 0, 1, 6),
(2174, 0, 2, 6),
(2175, 0, 3, 6),
(2176, 0, 1, 151),
(2177, 0, 2, 151),
(2178, 0, 3, 151),
(2179, 0, 1, 3),
(2180, 0, 2, 3),
(2181, 0, 3, 3),
(2182, 0, 1, 4),
(2183, 0, 2, 4),
(2184, 0, 3, 4),
(2185, 0, 1, 5),
(2186, 0, 2, 5),
(2187, 0, 3, 5),
(2188, 0, 1, 6),
(2189, 0, 2, 6),
(2190, 0, 3, 6);

-- --------------------------------------------------------

--
-- Table structure for table `nasabah`
--

CREATE TABLE `nasabah` (
  `nasabah_id` bigint(20) NOT NULL,
  `nama_nasabah` varchar(255) DEFAULT NULL,
  `no_telpon` varchar(255) DEFAULT NULL,
  `pin` varchar(255) DEFAULT NULL
) ENGINE=InnoDB DEFAULT CHARSET=utf8mb4;

--
-- Dumping data for table `nasabah`
--

INSERT INTO `nasabah` (`nasabah_id`, `nama_nasabah`, `no_telpon`, `pin`) VALUES
(1, 'CIMB NIAGA', '081533465435', '123456'),
(2, 'Faishal Fachtur', '0856454327854', '123456'),
(3, 'Fachry Firdaus', '0811176546787', '123456'),
(4, 'Sonya Barista', '0878263746534', '123456'),
(5, 'Dhimas Putranto', '085676545879', '123456'),
(6, 'Nanda Thareq', '085837575964', '123456'),
(7, 'Faishal Fachtur', '0856454327854', '123456'),
(8, 'Faishal Fachtur', '0856454327854', '123456'),
(9, 'Faishal Fachtur', '0856454327854', '123456'),
(10, 'Faishal Fachtur', '0856454327854', '123456'),
(11, 'Faishal Fachtur', '0856454327854', '123456'),
(12, 'Faishal Fachtur', '0856454327854', '123456'),
(13, 'Faishal Fachtur', '0856454327854', '123456'),
(14, 'Faishal Fachtur', '0856454327854', '123456'),
(15, 'Faishal Fachtur', '0856454327854', '123456'),
(16, 'Faishal Fachtur', '0856454327854', '123456'),
(17, 'Faishal Fachtur', '0856454327854', '123456'),
(18, 'Faishal Fachtur', '0856454327854', '123456'),
(19, 'Faishal Fachtur', '0856454327854', '123456'),
(20, 'Faishal Fachtur', '0856454327854', '123456'),
(21, 'Faishal Fachtur', '0856454327854', '123456'),
(22, 'Faishal Fachtur', '0856454327854', '123456'),
(23, 'Faishal Fachtur', '0856454327854', '123456'),
(24, 'Faishal Fachtur', '0856454327854', '123456'),
(25, 'Faishal Fachtur', '0856454327854', '123456'),
(26, 'Faishal Fachtur', '0856454327854', '123456'),
(27, 'Faishal Fachtur', '0856454327854', '123456'),
(28, 'Faishal Fachtur', '0856454327854', '123456'),
(29, 'Faishal Fachtur', '0856454327854', '123456'),
(30, 'Faishal Fachtur', '0856454327854', '123456'),
(31, 'Faishal Fachtur', '0856454327854', '123456'),
(32, 'Faishal Fachtur', '0856454327854', '123456'),
(33, 'Faishal Fachtur', '0856454327854', '123456'),
(34, 'Faishal Fachtur', '0856454327854', '123456'),
(35, 'Faishal Fachtur', '0856454327854', '123456'),
(36, 'Faishal Fachtur', '0856454327854', '123456'),
(37, 'Faishal Fachtur', '0856454327854', '123456'),
(38, 'Faishal Fachtur', '0856454327854', '123456'),
(39, 'Faishal Fachtur', '0856454327854', '123456'),
(40, 'Faishal Fachtur', '0856454327854', '123456'),
(41, 'Faishal Fachtur', '0856454327854', '123456'),
(42, 'Faishal Fachtur', '0856454327854', '123456'),
(43, 'Faishal Fachtur', '0856454327854', '123456'),
(44, 'Faishal Fachtur', '0856454327854', '123456'),
(45, 'Faishal Fachtur', '0856454327854', '123456'),
(46, 'Faishal Fachtur', '0856454327854', '123456'),
(47, 'Faishal Fachtur', '0856454327854', '123456'),
(48, 'Faishal Fachtur', '0856454327854', '123456'),
(49, 'Faishal Fachtur', '0856454327854', '123456'),
(50, 'Faishal Fachtur', '0856454327854', '123456'),
(51, 'Faishal Fachtur', '0856454327854', '123456'),
(52, 'Faishal Fachtur', '0856454327854', '123456'),
(53, 'Faishal Fachtur', '0856454327854', '123456'),
(54, 'Faishal Fachtur', '0856454327854', '123456'),
(55, 'Faishal Fachtur', '0856454327854', '123456'),
(56, 'Faishal Fachtur', '0856454327854', '123456'),
(57, 'Faishal Fachtur', '0856454327854', '123456'),
(58, 'Faishal Fachtur', '0856454327854', '123456'),
(59, 'Faishal Fachtur', '0856454327854', '123456'),
(60, 'Faishal Fachtur', '0856454327854', '123456'),
(61, 'Faishal Fachtur', '0856454327854', '123456'),
(62, 'Faishal Fachtur', '0856454327854', '123456'),
(63, 'Faishal Fachtur', '0856454327854', '123456'),
(64, 'Faishal Fachtur', '0856454327854', '123456'),
(65, 'Faishal Fachtur', '0856454327854', '123456'),
(66, 'Faishal Fachtur', '0856454327854', '123456'),
(67, 'Faishal Fachtur', '0856454327854', '123456'),
(68, 'Faishal Fachtur', '0856454327854', '123456'),
(69, 'Faishal Fachtur', '0856454327854', '123456'),
(70, 'Faishal Fachtur', '0856454327854', '123456'),
(71, 'Faishal Fachtur', '0856454327854', '123456'),
(72, 'Faishal Fachtur', '0856454327854', '123456'),
(73, 'Faishal Fachtur', '0856454327854', '123456'),
(74, 'Faishal Fachtur', '0856454327854', '123456'),
(75, 'Faishal Fachtur', '0856454327854', '123456'),
(76, 'Faishal Fachtur', '0856454327854', '123456'),
(77, 'Faishal Fachtur', '0856454327854', '123456'),
(78, 'Faishal Fachtur', '0856454327854', '123456'),
(79, 'Faishal Fachtur', '0856454327854', '123456'),
(80, 'Faishal Fachtur', '0856454327854', '123456'),
(81, 'Faishal Fachtur', '0856454327854', '123456'),
(82, 'Faishal Fachtur', '0856454327854', '123456'),
(83, 'Faishal Fachtur', '0856454327854', '123456'),
(84, 'Faishal Fachtur', '0856454327854', '123456'),
(85, 'Faishal Fachtur', '0856454327854', '123456'),
(86, 'Faishal Fachtur', '0856454327854', '123456'),
(87, 'Faishal Fachtur', '0856454327854', '123456'),
(88, 'Faishal Fachtur', '0856454327854', '123456'),
(89, 'Faishal Fachtur', '0856454327854', '123456'),
(90, 'Faishal Fachtur', '0856454327854', '123456'),
(91, 'Faishal Fachtur', '0856454327854', '123456'),
(92, 'Faishal Fachtur', '0856454327854', '123456'),
(93, 'Faishal Fachtur', '0856454327854', '123456'),
(94, 'Faishal Fachtur', '0856454327854', '123456'),
(95, 'Faishal Fachtur', '0856454327854', '123456'),
(96, 'Faishal Fachtur', '0856454327854', '123456'),
(97, 'Faishal Fachtur', '0856454327854', '123456'),
(98, 'Faishal Fachtur', '0856454327854', '123456'),
(99, 'Faishal Fachtur', '0856454327854', '123456'),
(100, 'Faishal Fachtur', '0856454327854', '123456'),
(101, 'Faishal Fachtur', '0856454327854', '123456'),
(102, 'Faishal Fachtur', '0856454327854', '123456'),
(103, 'Faishal Fachtur', '0856454327854', '123456'),
(104, 'Faishal Fachtur', '0856454327854', '123456'),
(105, 'Faishal Fachtur', '0856454327854', '123456'),
(106, 'Faishal Fachtur', '0856454327854', '123456'),
(107, 'Faishal Fachtur', '0856454327854', '123456'),
(108, 'Faishal Fachtur', '0856454327854', '123456'),
(109, 'Faishal Fachtur', '0856454327854', '123456'),
(110, 'Faishal Fachtur', '0856454327854', '123456'),
(111, 'Faishal Fachtur', '0856454327854', '123456'),
(112, 'Faishal Fachtur', '0856454327854', '123456'),
(113, 'Faishal Fachtur', '0856454327854', '123456'),
(114, 'Faishal Fachtur', '0856454327854', '123456'),
(115, 'Faishal Fachtur', '0856454327854', '123456'),
(116, 'Faishal Fachtur', '0856454327854', '123456'),
(117, 'Faishal Fachtur', '0856454327854', '123456'),
(118, 'Faishal Fachtur', '0856454327854', '123456'),
(119, 'Faishal Fachtur', '0856454327854', '123456'),
(120, 'Faishal Fachtur', '0856454327854', '123456'),
(121, 'Faishal Fachtur', '0856454327854', '123456'),
(122, 'Faishal Fachtur', '0856454327854', '123456'),
(123, 'Faishal Fachtur', '0856454327854', '123456'),
(124, 'Faishal Fachtur', '0856454327854', '123456'),
(125, 'Faishal Fachtur', '0856454327854', '123456'),
(126, 'Faishal Fachtur', '0856454327854', '123456'),
(127, 'Faishal Fachtur', '0856454327854', '123456'),
(128, 'Faishal Fachtur', '0856454327854', '123456'),
(129, 'Faishal Fachtur', '0856454327854', '123456'),
(130, 'Faishal Fachtur', '0856454327854', '123456'),
(131, 'Faishal Fachtur', '0856454327854', '123456'),
(132, 'Faishal Fachtur', '0856454327854', '123456'),
(133, 'Faishal Fachtur', '0856454327854', '123456'),
(134, 'Faishal Fachtur', '0856454327854', '123456'),
(135, 'Faishal Fachtur', '0856454327854', '123456'),
(136, 'Faishal Fachtur', '0856454327854', '123456'),
(137, 'Faishal Fachtur', '0856454327854', '123456'),
(138, 'Faishal Fachtur', '0856454327854', '123456'),
(139, 'Faishal Fachtur', '0856454327854', '123456'),
(140, 'Faishal Fachtur', '0856454327854', '123456'),
(141, 'Faishal Fachtur', '0856454327854', '123456'),
(142, 'Faishal Fachtur', '0856454327854', '123456'),
(143, 'Faishal Fachtur', '0856454327854', '123456'),
(144, 'Faishal Fachtur', '0856454327854', '123456'),
(145, 'Faishal Fachtur', '0856454327854', '123456'),
(146, 'Faishal Fachtur', '0856454327854', '123456'),
(147, 'Faishal Fachtur', '0856454327854', '123456'),
(148, 'Faishal Fachtur', '0856454327854', '123456'),
(149, 'Faishal Fachtur', '0856454327854', '123456'),
(150, 'Faishal Fachtur', '0856454327854', '123456'),
(151, 'Faishal Fachtur', '0856454327854', '123456');

-- --------------------------------------------------------

--
-- Table structure for table `rekening`
--

CREATE TABLE `rekening` (
  `rekening_id` bigint(20) NOT NULL,
  `nama_rekening` varchar(255) DEFAULT NULL
) ENGINE=InnoDB DEFAULT CHARSET=utf8mb4;

--
-- Dumping data for table `rekening`
--

INSERT INTO `rekening` (`rekening_id`, `nama_rekening`) VALUES
(1, 'Giro Escrow'),
(2, 'Xtra Savers'),
(3, 'Payroll'),
(4, 'Giro Perusahaan'),
(5, 'Rekening Ponsel');

-- --------------------------------------------------------

--
-- Table structure for table `rekening_nasabah`
--

CREATE TABLE `rekening_nasabah` (
  `account_id` bigint(20) NOT NULL,
  `balance` double NOT NULL,
  `nomor_rekening` varchar(255) DEFAULT NULL,
  `nasabah` bigint(20) NOT NULL,
  `rekening` bigint(20) NOT NULL
) ENGINE=InnoDB DEFAULT CHARSET=utf8mb4;

--
-- Dumping data for table `rekening_nasabah`
--

INSERT INTO `rekening_nasabah` (`account_id`, `balance`, `nomor_rekening`, `nasabah`, `rekening`) VALUES
(1, 0, '123456', 1, 1),
(2, 8600000, '230215250415', 2, 2),
(3, 9600000, '773031172955', 2, 3),
(4, 2996000, '932789840689', 2, 4),
(5, 9400000, '123530829227', 2, 5),
(6, 10000000, '178400936673', 3, 2),
(7, 10000000, '694111113144', 3, 3),
(8, 10000000, '228547099273', 3, 4),
(9, 10000000, '660359799886', 3, 5),
(10, 10000000, '181708014547', 4, 2),
(11, 10000000, '315224794093', 4, 3),
(12, 10000000, '857203950671', 4, 4),
(13, 10000000, '647086934639', 4, 5),
(14, 10000000, '682666055356', 5, 2),
(15, 10000000, '840978082840', 5, 3),
(16, 10000000, '301620119679', 5, 4),
(17, 10000000, '687727874685', 5, 5),
(18, 10000000, '145656084274', 6, 2),
(19, 10000000, '466088801356', 6, 3),
(20, 10000000, '650125202836', 6, 4),
(21, 10000000, '528238418153', 6, 5),
(23, 10000000, '168917386510', 7, 2),
(24, 10000000, '003896883534', 7, 3),
(25, 10000000, '625772822781', 7, 4),
(26, 10000000, '687179579922', 7, 5),
(27, 10000000, '959930535381', 3, 2),
(28, 10000000, '443466432600', 3, 3),
(29, 10000000, '063853218589', 3, 4),
(30, 10000000, '532276445023', 3, 5),
(31, 10000000, '028504007849', 4, 2),
(32, 10000000, '470040986151', 4, 3),
(33, 10000000, '998339593347', 4, 4),
(34, 10000000, '645481261361', 4, 5),
(35, 10000000, '258762156852', 5, 2),
(36, 10000000, '289214102336', 5, 3),
(37, 10000000, '436590089917', 5, 4),
(38, 10000000, '438616253365', 5, 5),
(39, 10000000, '419653702005', 6, 2),
(40, 10000000, '157442701843', 6, 3),
(41, 10000000, '202109976673', 6, 4),
(42, 10000000, '319713606149', 6, 5),
(43, 0, NULL, 1, 1),
(44, 10000000, '549783254662', 8, 2),
(45, 10000000, '782718229937', 8, 3),
(46, 10000000, '463286666666', 8, 4),
(47, 10000000, '158693246566', 8, 5),
(48, 10000000, '897880626626', 3, 2),
(49, 10000000, '224962907006', 3, 3),
(50, 10000000, '814082024303', 3, 4),
(51, 10000000, '027380912996', 3, 5),
(52, 10000000, '502306924273', 4, 2),
(53, 10000000, '861975859928', 4, 3),
(54, 10000000, '799312328595', 4, 4),
(55, 10000000, '406582551738', 4, 5),
(56, 10000000, '670416952845', 5, 2),
(57, 10000000, '188021076983', 5, 3),
(58, 10000000, '749990273232', 5, 4),
(59, 10000000, '134347474735', 5, 5),
(60, 10000000, '727792694182', 6, 2),
(61, 10000000, '659353095081', 6, 3),
(62, 10000000, '751438799837', 6, 4),
(63, 10000000, '551440748391', 6, 5),
(64, 0, NULL, 1, 1),
(65, 10000000, '735675462685', 9, 2),
(66, 10000000, '602678829442', 9, 3),
(67, 10000000, '116720058809', 9, 4),
(68, 10000000, '367090949394', 9, 5),
(69, 10000000, '761017781453', 3, 2),
(70, 10000000, '348446102403', 3, 3),
(71, 10000000, '305884026698', 3, 4),
(72, 10000000, '479586667798', 3, 5),
(73, 10000000, '428372694382', 4, 2),
(74, 10000000, '886742655232', 4, 3),
(75, 10000000, '745546018719', 4, 4),
(76, 10000000, '370487396727', 4, 5),
(77, 10000000, '721362637159', 5, 2),
(78, 10000000, '346537217088', 5, 3),
(79, 10000000, '181471421133', 5, 4),
(80, 10000000, '047941595779', 5, 5),
(81, 10000000, '246140385958', 6, 2),
(82, 10000000, '899236768495', 6, 3),
(83, 10000000, '651399915908', 6, 4),
(84, 10000000, '704792525647', 6, 5),
(85, 0, NULL, 1, 1),
(86, 10000000, '404487984359', 10, 2),
(87, 10000000, '024846500656', 10, 3),
(88, 10000000, '566557257061', 10, 4),
(89, 10000000, '964116413896', 10, 5),
(90, 10000000, '807366470680', 3, 2),
(91, 10000000, '647384135455', 3, 3),
(92, 10000000, '604526216453', 3, 4),
(93, 10000000, '688273375863', 3, 5),
(94, 10000000, '674738252745', 4, 2),
(95, 10000000, '341034403083', 4, 3),
(96, 10000000, '318025416176', 4, 4),
(97, 10000000, '992490347694', 4, 5),
(98, 10000000, '907235695167', 5, 2),
(99, 10000000, '388056949938', 5, 3),
(100, 10000000, '219047705166', 5, 4),
(101, 10000000, '571029554329', 5, 5),
(102, 10000000, '772055430254', 6, 2),
(103, 10000000, '716480158965', 6, 3),
(104, 10000000, '696903718826', 6, 4),
(105, 10000000, '634847158002', 6, 5),
(106, 0, NULL, 1, 1),
(107, 10000000, '475509925715', 11, 2),
(108, 10000000, '775528318206', 11, 3),
(109, 10000000, '749126417000', 11, 4),
(110, 10000000, '262076980383', 11, 5),
(111, 10000000, '217307288655', 3, 2),
(112, 10000000, '737156129494', 3, 3),
(113, 10000000, '830030627388', 3, 4),
(114, 10000000, '296858472337', 3, 5),
(115, 10000000, '543008956600', 4, 2),
(116, 10000000, '020423329209', 4, 3),
(117, 10000000, '799186606127', 4, 4),
(118, 10000000, '051676733993', 4, 5),
(119, 10000000, '092205750577', 5, 2),
(120, 10000000, '986602831018', 5, 3),
(121, 10000000, '589886962781', 5, 4),
(122, 10000000, '166167879073', 5, 5),
(123, 10000000, '851200400595', 6, 2),
(124, 10000000, '117425225834', 6, 3),
(125, 10000000, '969356647093', 6, 4),
(126, 10000000, '421349573945', 6, 5),
(127, 0, NULL, 1, 1),
(128, 10000000, '105656087520', 12, 2),
(129, 10000000, '022367952966', 12, 3),
(130, 10000000, '401137214273', 12, 4),
(131, 10000000, '057117862101', 12, 5),
(132, 10000000, '613536929916', 3, 2),
(133, 10000000, '325669567383', 3, 3),
(134, 10000000, '049707556695', 3, 4),
(135, 10000000, '044216717796', 3, 5),
(136, 10000000, '568464980719', 4, 2),
(137, 10000000, '953459544113', 4, 3),
(138, 10000000, '148552768503', 4, 4),
(139, 10000000, '054146924710', 4, 5),
(140, 10000000, '166892888490', 5, 2),
(141, 10000000, '217195577459', 5, 3),
(142, 10000000, '705941863205', 5, 4),
(143, 10000000, '224123790299', 5, 5),
(144, 10000000, '733324167110', 6, 2),
(145, 10000000, '445833185351', 6, 3),
(146, 10000000, '160152116852', 6, 4),
(147, 10000000, '247034536576', 6, 5),
(148, 0, NULL, 1, 1),
(149, 10000000, '882896397815', 13, 2),
(150, 10000000, '401311421954', 13, 3),
(151, 10000000, '325636986841', 13, 4),
(152, 10000000, '619071605213', 13, 5),
(153, 10000000, '128417736292', 3, 2),
(154, 10000000, '780085622756', 3, 3),
(155, 10000000, '401532220030', 3, 4),
(156, 10000000, '589356536512', 3, 5),
(157, 10000000, '626184817443', 4, 2),
(158, 10000000, '164165039483', 4, 3),
(159, 10000000, '620786437899', 4, 4),
(160, 10000000, '297022363097', 4, 5),
(161, 10000000, '377322414829', 5, 2),
(162, 10000000, '582618526436', 5, 3),
(163, 10000000, '947192882926', 5, 4),
(164, 10000000, '220858169905', 5, 5),
(165, 10000000, '034305489387', 6, 2),
(166, 10000000, '434530281129', 6, 3),
(167, 10000000, '366804935338', 6, 4),
(168, 10000000, '792225220976', 6, 5),
(169, 0, NULL, 1, 1),
(170, 10000000, '228688944128', 14, 2),
(171, 10000000, '212785547193', 14, 3),
(172, 10000000, '717359987687', 14, 4),
(173, 10000000, '750347083250', 14, 5),
(174, 10000000, '796431427021', 3, 2),
(175, 10000000, '109636435339', 3, 3),
(176, 10000000, '261852336831', 3, 4),
(177, 10000000, '887056263218', 3, 5),
(178, 10000000, '345858265216', 4, 2),
(179, 10000000, '013016964896', 4, 3),
(180, 10000000, '068489392036', 4, 4),
(181, 10000000, '402926906832', 4, 5),
(182, 10000000, '189953602739', 5, 2),
(183, 10000000, '962190720429', 5, 3),
(184, 10000000, '595551330350', 5, 4),
(185, 10000000, '155958298686', 5, 5),
(186, 10000000, '578825620090', 6, 2),
(187, 10000000, '918631659127', 6, 3),
(188, 10000000, '891692158416', 6, 4),
(189, 10000000, '058313850254', 6, 5),
(190, 0, NULL, 1, 1),
(191, 10000000, '826570680609', 15, 2),
(192, 10000000, '313804022095', 15, 3),
(193, 10000000, '443288815324', 15, 4),
(194, 10000000, '381107426010', 15, 5),
(195, 10000000, '136214051802', 3, 2),
(196, 10000000, '372736414111', 3, 3),
(197, 10000000, '314012975899', 3, 4),
(198, 10000000, '991083380447', 3, 5),
(199, 10000000, '931082149893', 4, 2),
(200, 10000000, '709192899905', 4, 3),
(201, 10000000, '838330001861', 4, 4),
(202, 10000000, '008028831925', 4, 5),
(203, 10000000, '200921563736', 5, 2),
(204, 10000000, '204080168559', 5, 3),
(205, 10000000, '122701654990', 5, 4),
(206, 10000000, '229657792752', 5, 5),
(207, 10000000, '845867691242', 6, 2),
(208, 10000000, '668718994929', 6, 3),
(209, 10000000, '582844500418', 6, 4),
(210, 10000000, '387935544174', 6, 5),
(211, 0, NULL, 1, 1),
(212, 10000000, '627631482633', 16, 2),
(213, 10000000, '061611619025', 16, 3),
(214, 10000000, '165533370846', 16, 4),
(215, 10000000, '023222021263', 16, 5),
(216, 10000000, '818836879046', 3, 2),
(217, 10000000, '187315042674', 3, 3),
(218, 10000000, '540337873858', 3, 4),
(219, 10000000, '346141787693', 3, 5),
(220, 10000000, '930652549745', 4, 2),
(221, 10000000, '572045546760', 4, 3),
(222, 10000000, '236823721079', 4, 4),
(223, 10000000, '271337794504', 4, 5),
(224, 10000000, '784691302809', 5, 2),
(225, 10000000, '753553158946', 5, 3),
(226, 10000000, '280602584609', 5, 4),
(227, 10000000, '925374098386', 5, 5),
(228, 10000000, '654195988558', 6, 2),
(229, 10000000, '372957397376', 6, 3),
(230, 10000000, '855425242710', 6, 4),
(231, 10000000, '084101653562', 6, 5),
(232, 0, NULL, 1, 1),
(233, 10000000, '755315863607', 17, 2),
(234, 10000000, '310679415220', 17, 3),
(235, 10000000, '937952193221', 17, 4),
(236, 10000000, '890984223075', 17, 5),
(237, 10000000, '720771475037', 3, 2),
(238, 10000000, '961128835420', 3, 3),
(239, 10000000, '808977974805', 3, 4),
(240, 10000000, '209541281652', 3, 5),
(241, 10000000, '678659313182', 4, 2),
(242, 10000000, '692652323405', 4, 3),
(243, 10000000, '194573227402', 4, 4),
(244, 10000000, '416989727650', 4, 5),
(245, 10000000, '979925744394', 5, 2),
(246, 10000000, '684746250085', 5, 3),
(247, 10000000, '874636275484', 5, 4),
(248, 10000000, '224904605190', 5, 5),
(249, 10000000, '252283196329', 6, 2),
(250, 10000000, '529490575309', 6, 3),
(251, 10000000, '409429616163', 6, 4),
(252, 10000000, '210342569614', 6, 5),
(253, 0, NULL, 1, 1),
(254, 10000000, '901146211142', 18, 2),
(255, 10000000, '195780393051', 18, 3),
(256, 10000000, '656733791002', 18, 4),
(257, 10000000, '827396587830', 18, 5),
(258, 10000000, '052047691538', 3, 2),
(259, 10000000, '878555045663', 3, 3),
(260, 10000000, '746833520002', 3, 4),
(261, 10000000, '192859083069', 3, 5),
(262, 10000000, '129565623695', 4, 2),
(263, 10000000, '492559122767', 4, 3),
(264, 10000000, '582767754055', 4, 4),
(265, 10000000, '981543247944', 4, 5),
(266, 10000000, '922321279078', 5, 2),
(267, 10000000, '643017100686', 5, 3),
(268, 10000000, '354789929781', 5, 4),
(269, 10000000, '399444962329', 5, 5),
(270, 10000000, '511046415585', 6, 2),
(271, 10000000, '566869267448', 6, 3),
(272, 10000000, '036063676135', 6, 4),
(273, 10000000, '628541571224', 6, 5),
(274, 0, NULL, 1, 1),
(275, 10000000, '702411667847', 19, 2),
(276, 10000000, '082280652403', 19, 3),
(277, 10000000, '522731814912', 19, 4),
(278, 10000000, '409078122671', 19, 5),
(279, 10000000, '571514050330', 3, 2),
(280, 10000000, '893152477396', 3, 3),
(281, 10000000, '173675626240', 3, 4),
(282, 10000000, '441427038436', 3, 5),
(283, 10000000, '458368317308', 4, 2),
(284, 10000000, '272560801774', 4, 3),
(285, 10000000, '525537175729', 4, 4),
(286, 10000000, '578409548562', 4, 5),
(287, 10000000, '951816407580', 5, 2),
(288, 10000000, '662808787498', 5, 3),
(289, 10000000, '331832043984', 5, 4),
(290, 10000000, '817513417867', 5, 5),
(291, 10000000, '311005173716', 6, 2),
(292, 10000000, '701254267977', 6, 3),
(293, 10000000, '455001994479', 6, 4),
(294, 10000000, '412123800308', 6, 5),
(295, 0, NULL, 1, 1),
(296, 10000000, '898018344341', 20, 2),
(297, 10000000, '039081259291', 20, 3),
(298, 10000000, '165940483004', 20, 4),
(299, 10000000, '359246428393', 20, 5),
(300, 10000000, '464309888277', 3, 2),
(301, 10000000, '185143441773', 3, 3),
(302, 10000000, '427339941977', 3, 4),
(303, 10000000, '256022389671', 3, 5),
(304, 10000000, '045601788599', 4, 2),
(305, 10000000, '197506836521', 4, 3),
(306, 10000000, '032178806282', 4, 4),
(307, 10000000, '814824461215', 4, 5),
(308, 10000000, '539885686930', 5, 2),
(309, 10000000, '678359809835', 5, 3),
(310, 10000000, '792101780219', 5, 4),
(311, 10000000, '546970306008', 5, 5),
(312, 10000000, '828530205705', 6, 2),
(313, 10000000, '552970987416', 6, 3),
(314, 10000000, '621976973131', 6, 4),
(315, 10000000, '864290374168', 6, 5),
(316, 0, NULL, 1, 1),
(317, 10000000, '391440499583', 21, 2),
(318, 10000000, '878010321785', 21, 3),
(319, 10000000, '934878570624', 21, 4),
(320, 10000000, '098579730350', 21, 5),
(321, 10000000, '812506550558', 3, 2),
(322, 10000000, '875341008353', 3, 3),
(323, 10000000, '122366319758', 3, 4),
(324, 10000000, '328848491263', 3, 5),
(325, 10000000, '449559850790', 4, 2),
(326, 10000000, '810121480159', 4, 3),
(327, 10000000, '363729406173', 4, 4),
(328, 10000000, '054051846465', 4, 5),
(329, 10000000, '991003341394', 5, 2),
(330, 10000000, '555556160928', 5, 3),
(331, 10000000, '943766814737', 5, 4),
(332, 10000000, '746908417050', 5, 5),
(333, 10000000, '299175905599', 6, 2),
(334, 10000000, '629882793371', 6, 3),
(335, 10000000, '142876187104', 6, 4),
(336, 10000000, '254585759358', 6, 5),
(337, 0, NULL, 1, 1),
(338, 10000000, '606851753208', 22, 2),
(339, 10000000, '212597311286', 22, 3),
(340, 10000000, '751047181197', 22, 4),
(341, 10000000, '124024375199', 22, 5),
(342, 10000000, '911640867947', 3, 2),
(343, 10000000, '115925835981', 3, 3),
(344, 10000000, '970165819437', 3, 4),
(345, 10000000, '247435872652', 3, 5),
(346, 10000000, '021488199908', 4, 2),
(347, 10000000, '185134976204', 4, 3),
(348, 10000000, '425590098149', 4, 4),
(349, 10000000, '591834752045', 4, 5),
(350, 10000000, '680311843702', 5, 2),
(351, 10000000, '926086991684', 5, 3),
(352, 10000000, '924035259985', 5, 4),
(353, 10000000, '934426177334', 5, 5),
(354, 10000000, '314003696249', 6, 2),
(355, 10000000, '694019066089', 6, 3),
(356, 10000000, '084556230021', 6, 4),
(357, 10000000, '991114310883', 6, 5),
(358, 0, NULL, 1, 1),
(359, 10000000, '054750688982', 23, 2),
(360, 10000000, '782856300775', 23, 3),
(361, 10000000, '484633685789', 23, 4),
(362, 10000000, '616812692777', 23, 5),
(363, 10000000, '260068792103', 3, 2),
(364, 10000000, '979903021996', 3, 3),
(365, 10000000, '665222183957', 3, 4),
(366, 10000000, '814992550680', 3, 5),
(367, 10000000, '212545710144', 4, 2),
(368, 10000000, '833853928370', 4, 3),
(369, 10000000, '561780971471', 4, 4),
(370, 10000000, '774460331186', 4, 5),
(371, 10000000, '936966950637', 5, 2),
(372, 10000000, '806703564498', 5, 3),
(373, 10000000, '123589365340', 5, 4),
(374, 10000000, '126109428953', 5, 5),
(375, 10000000, '377582356946', 6, 2),
(376, 10000000, '008004797118', 6, 3),
(377, 10000000, '553112267584', 6, 4),
(378, 10000000, '609811450372', 6, 5),
(379, 0, NULL, 1, 1),
(380, 10000000, '170144727044', 24, 2),
(381, 10000000, '277897999633', 24, 3),
(382, 10000000, '603141653464', 24, 4),
(383, 10000000, '669305289839', 24, 5),
(384, 10000000, '092868402113', 3, 2),
(385, 10000000, '488532598567', 3, 3),
(386, 10000000, '746587516850', 3, 4),
(387, 10000000, '796519391150', 3, 5),
(388, 10000000, '750477413759', 4, 2),
(389, 10000000, '996413112747', 4, 3),
(390, 10000000, '651489258064', 4, 4),
(391, 10000000, '822485597707', 4, 5),
(392, 10000000, '060728601901', 5, 2),
(393, 10000000, '608353230550', 5, 3),
(394, 10000000, '544554017484', 5, 4),
(395, 10000000, '655852809175', 5, 5),
(396, 10000000, '048293096634', 6, 2),
(397, 10000000, '263161914885', 6, 3),
(398, 10000000, '128505279399', 6, 4),
(399, 10000000, '955564108289', 6, 5),
(400, 0, NULL, 1, 1),
(401, 10000000, '821975385044', 25, 2),
(402, 10000000, '806651886468', 25, 3),
(403, 10000000, '708387553451', 25, 4),
(404, 10000000, '133648139624', 25, 5),
(405, 10000000, '786429214749', 3, 2),
(406, 10000000, '362120290341', 3, 3),
(407, 10000000, '994290114891', 3, 4),
(408, 10000000, '648826920442', 3, 5),
(409, 10000000, '608373973804', 4, 2),
(410, 10000000, '923166195558', 4, 3),
(411, 10000000, '206741284490', 4, 4),
(412, 10000000, '691426035848', 4, 5),
(413, 10000000, '381372870681', 5, 2),
(414, 10000000, '781007838773', 5, 3),
(415, 10000000, '518175144964', 5, 4),
(416, 10000000, '451762364945', 5, 5),
(417, 10000000, '545584147680', 6, 2),
(418, 10000000, '033406580892', 6, 3),
(419, 10000000, '494741108527', 6, 4),
(420, 10000000, '351837155798', 6, 5),
(421, 0, NULL, 1, 1),
(422, 10000000, '118090763094', 26, 2),
(423, 10000000, '519812558655', 26, 3),
(424, 10000000, '789924064352', 26, 4),
(425, 10000000, '342675500050', 26, 5),
(426, 10000000, '201895071633', 3, 2),
(427, 10000000, '238551815613', 3, 3),
(428, 10000000, '816828766768', 3, 4),
(429, 10000000, '964009333294', 3, 5),
(430, 10000000, '093985281687', 4, 2),
(431, 10000000, '088092631246', 4, 3),
(432, 10000000, '378807762369', 4, 4),
(433, 10000000, '786555430098', 4, 5),
(434, 10000000, '501960776614', 5, 2),
(435, 10000000, '826705913734', 5, 3),
(436, 10000000, '928090487425', 5, 4),
(437, 10000000, '665092310143', 5, 5),
(438, 10000000, '228006509033', 6, 2),
(439, 10000000, '971987431986', 6, 3),
(440, 10000000, '998519060159', 6, 4),
(441, 10000000, '875936482874', 6, 5),
(442, 0, NULL, 1, 1),
(443, 10000000, '566073076291', 27, 2),
(444, 10000000, '330373215003', 27, 3),
(445, 10000000, '977930660078', 27, 4),
(446, 10000000, '407408693228', 27, 5),
(447, 10000000, '777689331184', 3, 2),
(448, 10000000, '805811745137', 3, 3),
(449, 10000000, '217350580321', 3, 4),
(450, 10000000, '966338834190', 3, 5),
(451, 10000000, '759784688478', 4, 2),
(452, 10000000, '140544119756', 4, 3),
(453, 10000000, '444148249815', 4, 4),
(454, 10000000, '080895918855', 4, 5),
(455, 10000000, '261210679746', 5, 2),
(456, 10000000, '605384579943', 5, 3),
(457, 10000000, '625850708207', 5, 4),
(458, 10000000, '107551078051', 5, 5),
(459, 10000000, '730285053098', 6, 2),
(460, 10000000, '407509380614', 6, 3),
(461, 10000000, '708751757618', 6, 4),
(462, 10000000, '299597115051', 6, 5),
(463, 0, NULL, 1, 1),
(464, 10000000, '243349787169', 28, 2),
(465, 10000000, '835827159281', 28, 3),
(466, 10000000, '171560783986', 28, 4),
(467, 10000000, '474445876057', 28, 5),
(468, 10000000, '545415514806', 3, 2),
(469, 10000000, '980503353157', 3, 3),
(470, 10000000, '080917885717', 3, 4),
(471, 10000000, '317626414844', 3, 5),
(472, 10000000, '473876495377', 4, 2),
(473, 10000000, '222950053476', 4, 3),
(474, 10000000, '664851599543', 4, 4),
(475, 10000000, '077086619204', 4, 5),
(476, 10000000, '170409506558', 5, 2),
(477, 10000000, '378633497451', 5, 3),
(478, 10000000, '793906413196', 5, 4),
(479, 10000000, '212845300268', 5, 5),
(480, 10000000, '050473981341', 6, 2),
(481, 10000000, '942410130218', 6, 3),
(482, 10000000, '602227599937', 6, 4),
(483, 10000000, '135829230453', 6, 5),
(484, 0, NULL, 1, 1),
(485, 10000000, '325789643391', 29, 2),
(486, 10000000, '896574039997', 29, 3),
(487, 10000000, '725276670255', 29, 4),
(488, 10000000, '403795251226', 29, 5),
(489, 10000000, '424505366616', 3, 2),
(490, 10000000, '087766537704', 3, 3),
(491, 10000000, '728806048401', 3, 4),
(492, 10000000, '827028282138', 3, 5),
(493, 10000000, '325485201644', 4, 2),
(494, 10000000, '728750328337', 4, 3),
(495, 10000000, '054017728356', 4, 4),
(496, 10000000, '330937385059', 4, 5),
(497, 10000000, '386632511148', 5, 2),
(498, 10000000, '788242598472', 5, 3),
(499, 10000000, '929061408349', 5, 4),
(500, 10000000, '801524646165', 5, 5),
(501, 10000000, '708544613982', 6, 2),
(502, 10000000, '864324848815', 6, 3),
(503, 10000000, '256716421571', 6, 4),
(504, 10000000, '968519538311', 6, 5),
(505, 0, NULL, 1, 1),
(506, 10000000, '967152816118', 30, 2),
(507, 10000000, '239833319157', 30, 3),
(508, 10000000, '970917666573', 30, 4),
(509, 10000000, '206568476941', 30, 5),
(510, 10000000, '167756888018', 3, 2),
(511, 10000000, '570018070070', 3, 3),
(512, 10000000, '533504674715', 3, 4),
(513, 10000000, '865091932550', 3, 5),
(514, 10000000, '537796373012', 4, 2),
(515, 10000000, '025567533853', 4, 3),
(516, 10000000, '862785483552', 4, 4),
(517, 10000000, '662566242327', 4, 5),
(518, 10000000, '300491308556', 5, 2),
(519, 10000000, '782717635089', 5, 3),
(520, 10000000, '063446898125', 5, 4),
(521, 10000000, '217076340389', 5, 5),
(522, 10000000, '422987250228', 6, 2),
(523, 10000000, '647406465909', 6, 3),
(524, 10000000, '867972918765', 6, 4),
(525, 10000000, '678921937826', 6, 5),
(526, 0, NULL, 1, 1),
(527, 10000000, '922109512515', 31, 2),
(528, 10000000, '974209278658', 31, 3),
(529, 10000000, '837139959383', 31, 4),
(530, 10000000, '295249224250', 31, 5),
(531, 10000000, '728123968843', 3, 2),
(532, 10000000, '793975990131', 3, 3),
(533, 10000000, '111916808754', 3, 4),
(534, 10000000, '064160675736', 3, 5),
(535, 10000000, '398143076114', 4, 2),
(536, 10000000, '483554389629', 4, 3),
(537, 10000000, '405778646042', 4, 4),
(538, 10000000, '718186841605', 4, 5),
(539, 10000000, '625144583455', 5, 2),
(540, 10000000, '287139520167', 5, 3),
(541, 10000000, '086029857837', 5, 4),
(542, 10000000, '906838697155', 5, 5),
(543, 10000000, '823633240754', 6, 2),
(544, 10000000, '125874422382', 6, 3),
(545, 10000000, '560718921295', 6, 4),
(546, 10000000, '563667105839', 6, 5),
(547, 0, NULL, 1, 1),
(548, 10000000, '728083363834', 32, 2),
(549, 10000000, '303477043455', 32, 3),
(550, 10000000, '465066564200', 32, 4),
(551, 10000000, '712426467509', 32, 5),
(552, 10000000, '131151767772', 3, 2),
(553, 10000000, '300170448437', 3, 3),
(554, 10000000, '932074728144', 3, 4),
(555, 10000000, '407967446596', 3, 5),
(556, 10000000, '090257499832', 4, 2),
(557, 10000000, '612356087566', 4, 3),
(558, 10000000, '563695540442', 4, 4),
(559, 10000000, '224459727633', 4, 5),
(560, 10000000, '726851378295', 5, 2),
(561, 10000000, '661600409565', 5, 3),
(562, 10000000, '284570450220', 5, 4),
(563, 10000000, '127315073677', 5, 5),
(564, 10000000, '413140793866', 6, 2),
(565, 10000000, '144688772019', 6, 3),
(566, 10000000, '732618615764', 6, 4),
(567, 10000000, '931888575845', 6, 5),
(568, 0, NULL, 1, 1),
(569, 10000000, '775312394234', 33, 2),
(570, 10000000, '603193008577', 33, 3),
(571, 10000000, '399278730030', 33, 4),
(572, 10000000, '583451101470', 33, 5),
(573, 10000000, '052152729796', 3, 2),
(574, 10000000, '348435875527', 3, 3),
(575, 10000000, '173575214760', 3, 4),
(576, 10000000, '878908182982', 3, 5),
(577, 10000000, '123749412797', 4, 2),
(578, 10000000, '460414677262', 4, 3),
(579, 10000000, '396715430491', 4, 4),
(580, 10000000, '798281582187', 4, 5),
(581, 10000000, '388784097336', 5, 2),
(582, 10000000, '795319552836', 5, 3),
(583, 10000000, '348554248014', 5, 4),
(584, 10000000, '922171363359', 5, 5),
(585, 10000000, '365456510329', 6, 2),
(586, 10000000, '409058967628', 6, 3),
(587, 10000000, '981710419342', 6, 4),
(588, 10000000, '357543161224', 6, 5),
(589, 0, NULL, 1, 1),
(590, 10000000, '058099177579', 34, 2),
(591, 10000000, '120952498645', 34, 3),
(592, 10000000, '611064738062', 34, 4),
(593, 10000000, '755760255154', 34, 5),
(594, 10000000, '710524621965', 3, 2),
(595, 10000000, '953025264856', 3, 3),
(596, 10000000, '013526913148', 3, 4),
(597, 10000000, '734356465509', 3, 5),
(598, 10000000, '160789624615', 4, 2),
(599, 10000000, '564208576077', 4, 3),
(600, 10000000, '811938095979', 4, 4),
(601, 10000000, '112141638016', 4, 5),
(602, 10000000, '924797527039', 5, 2),
(603, 10000000, '882663124998', 5, 3),
(604, 10000000, '809450961899', 5, 4),
(605, 10000000, '345943844081', 5, 5),
(606, 10000000, '119084755516', 6, 2),
(607, 10000000, '050555048289', 6, 3),
(608, 10000000, '360194883361', 6, 4),
(609, 10000000, '116856931388', 6, 5),
(610, 0, NULL, 1, 1),
(611, 10000000, '100667068347', 35, 2),
(612, 10000000, '796547740336', 35, 3),
(613, 10000000, '582718430988', 35, 4),
(614, 10000000, '204752454787', 35, 5),
(615, 10000000, '178515858402', 3, 2),
(616, 10000000, '947461253653', 3, 3),
(617, 10000000, '354287367163', 3, 4),
(618, 10000000, '006481761245', 3, 5),
(619, 10000000, '551197991593', 4, 2),
(620, 10000000, '946403568858', 4, 3),
(621, 10000000, '665759836908', 4, 4),
(622, 10000000, '902585582459', 4, 5),
(623, 10000000, '765307763389', 5, 2),
(624, 10000000, '431283218057', 5, 3),
(625, 10000000, '292831866329', 5, 4),
(626, 10000000, '611799862574', 5, 5),
(627, 10000000, '000635450071', 6, 2),
(628, 10000000, '384567079139', 6, 3),
(629, 10000000, '588489165875', 6, 4),
(630, 10000000, '375246950499', 6, 5),
(631, 0, NULL, 1, 1),
(632, 10000000, '419769930551', 36, 2),
(633, 10000000, '569275708878', 36, 3),
(634, 10000000, '780185559773', 36, 4),
(635, 10000000, '105998952773', 36, 5),
(636, 10000000, '923748242779', 3, 2),
(637, 10000000, '580776757903', 3, 3),
(638, 10000000, '918837142148', 3, 4),
(639, 10000000, '054745078856', 3, 5),
(640, 10000000, '917598341487', 4, 2),
(641, 10000000, '297323945995', 4, 3),
(642, 10000000, '136833035751', 4, 4),
(643, 10000000, '886657664073', 4, 5),
(644, 10000000, '484715658482', 5, 2),
(645, 10000000, '509676579290', 5, 3),
(646, 10000000, '529227691927', 5, 4),
(647, 10000000, '832691317590', 5, 5),
(648, 10000000, '204523736219', 6, 2),
(649, 10000000, '793551564186', 6, 3),
(650, 10000000, '157801949677', 6, 4),
(651, 10000000, '257419739709', 6, 5),
(652, 0, NULL, 1, 1),
(653, 10000000, '824353190259', 37, 2),
(654, 10000000, '157911568683', 37, 3),
(655, 10000000, '876808185232', 37, 4),
(656, 10000000, '369553437124', 37, 5),
(657, 10000000, '427171940774', 3, 2),
(658, 10000000, '472544032987', 3, 3),
(659, 10000000, '929562528560', 3, 4),
(660, 10000000, '616833252110', 3, 5),
(661, 10000000, '354275588325', 4, 2),
(662, 10000000, '897332944470', 4, 3),
(663, 10000000, '823757870492', 4, 4),
(664, 10000000, '304302871389', 4, 5),
(665, 10000000, '372363301501', 5, 2),
(666, 10000000, '722935642233', 5, 3),
(667, 10000000, '769754485187', 5, 4),
(668, 10000000, '585263479486', 5, 5),
(669, 10000000, '415306735835', 6, 2),
(670, 10000000, '505440255043', 6, 3),
(671, 10000000, '851139113737', 6, 4),
(672, 10000000, '683883130506', 6, 5),
(673, 0, NULL, 1, 1),
(674, 10000000, '424108346427', 38, 2),
(675, 10000000, '968101455395', 38, 3),
(676, 10000000, '015114070950', 38, 4),
(677, 10000000, '677452461859', 38, 5),
(678, 10000000, '187118344124', 3, 2),
(679, 10000000, '317503868060', 3, 3),
(680, 10000000, '041425860230', 3, 4),
(681, 10000000, '916952939434', 3, 5),
(682, 10000000, '291536910335', 4, 2),
(683, 10000000, '997957364965', 4, 3),
(684, 10000000, '289090445579', 4, 4),
(685, 10000000, '016775452883', 4, 5),
(686, 10000000, '383086271371', 5, 2),
(687, 10000000, '763885615036', 5, 3),
(688, 10000000, '433152669676', 5, 4),
(689, 10000000, '122708306594', 5, 5),
(690, 10000000, '135809152829', 6, 2),
(691, 10000000, '884814638714', 6, 3),
(692, 10000000, '566377673526', 6, 4),
(693, 10000000, '409123561300', 6, 5),
(694, 0, NULL, 1, 1),
(695, 10000000, '186618100855', 39, 2),
(696, 10000000, '479674102528', 39, 3),
(697, 10000000, '360792363723', 39, 4),
(698, 10000000, '032838074097', 39, 5),
(699, 10000000, '762847055530', 3, 2),
(700, 10000000, '463948227635', 3, 3),
(701, 10000000, '524398977031', 3, 4),
(702, 10000000, '026291545117', 3, 5),
(703, 10000000, '316315013630', 4, 2),
(704, 10000000, '291118140378', 4, 3),
(705, 10000000, '482793977646', 4, 4),
(706, 10000000, '836995449581', 4, 5),
(707, 10000000, '181094466855', 5, 2),
(708, 10000000, '441173927288', 5, 3),
(709, 10000000, '820247015336', 5, 4),
(710, 10000000, '063459733577', 5, 5),
(711, 10000000, '052975417256', 6, 2),
(712, 10000000, '040979243195', 6, 3),
(713, 10000000, '927155146210', 6, 4),
(714, 10000000, '391068499792', 6, 5),
(715, 0, NULL, 1, 1),
(716, 10000000, '055021635800', 40, 2),
(717, 10000000, '500181887946', 40, 3),
(718, 10000000, '697254833861', 40, 4),
(719, 10000000, '325863246490', 40, 5),
(720, 10000000, '545229097114', 3, 2),
(721, 10000000, '027571283768', 3, 3),
(722, 10000000, '399046160332', 3, 4),
(723, 10000000, '903311025019', 3, 5),
(724, 10000000, '688123478982', 4, 2),
(725, 10000000, '087372843214', 4, 3),
(726, 10000000, '315685635081', 4, 4),
(727, 10000000, '299681417069', 4, 5),
(728, 10000000, '573603955819', 5, 2),
(729, 10000000, '969845358151', 5, 3),
(730, 10000000, '442430355650', 5, 4),
(731, 10000000, '455043690060', 5, 5),
(732, 10000000, '179561812044', 6, 2),
(733, 10000000, '201831772351', 6, 3),
(734, 10000000, '473931311257', 6, 4),
(735, 10000000, '608241265226', 6, 5),
(736, 0, NULL, 1, 1),
(737, 10000000, '531502153376', 41, 2),
(738, 10000000, '246946509041', 41, 3),
(739, 10000000, '449651689997', 41, 4),
(740, 10000000, '980580984857', 41, 5),
(741, 10000000, '884215800128', 3, 2),
(742, 10000000, '110687426974', 3, 3),
(743, 10000000, '176721135949', 3, 4),
(744, 10000000, '744042379152', 3, 5),
(745, 10000000, '619423385076', 4, 2),
(746, 10000000, '349970371959', 4, 3),
(747, 10000000, '052466958204', 4, 4),
(748, 10000000, '059789477194', 4, 5),
(749, 10000000, '407915983275', 5, 2),
(750, 10000000, '760871915875', 5, 3),
(751, 10000000, '549590533882', 5, 4),
(752, 10000000, '980010550063', 5, 5),
(753, 10000000, '372603413582', 6, 2),
(754, 10000000, '440519448583', 6, 3),
(755, 10000000, '660885485024', 6, 4),
(756, 10000000, '219888706183', 6, 5),
(757, 0, NULL, 1, 1),
(758, 10000000, '636184803446', 42, 2),
(759, 10000000, '468032619250', 42, 3),
(760, 10000000, '592512176960', 42, 4),
(761, 10000000, '713797475828', 42, 5),
(762, 10000000, '446835484559', 3, 2),
(763, 10000000, '788593012354', 3, 3),
(764, 10000000, '723706769616', 3, 4),
(765, 10000000, '510349181096', 3, 5),
(766, 10000000, '808772915862', 4, 2),
(767, 10000000, '259626138111', 4, 3),
(768, 10000000, '090539241281', 4, 4),
(769, 10000000, '710353980154', 4, 5),
(770, 10000000, '946680998129', 5, 2),
(771, 10000000, '083306374291', 5, 3),
(772, 10000000, '391558570743', 5, 4),
(773, 10000000, '589049729200', 5, 5),
(774, 10000000, '132605856242', 6, 2),
(775, 10000000, '818664609842', 6, 3),
(776, 10000000, '039965670911', 6, 4),
(777, 10000000, '294486403350', 6, 5),
(778, 0, NULL, 1, 1),
(779, 10000000, '548413779722', 43, 2),
(780, 10000000, '686028763337', 43, 3),
(781, 10000000, '265068964238', 43, 4),
(782, 10000000, '632568678723', 43, 5),
(783, 10000000, '837873925523', 3, 2),
(784, 10000000, '658590435821', 3, 3),
(785, 10000000, '712938969722', 3, 4),
(786, 10000000, '560433406971', 3, 5),
(787, 10000000, '353257106570', 4, 2),
(788, 10000000, '132213078156', 4, 3),
(789, 10000000, '913236163919', 4, 4),
(790, 10000000, '983091139408', 4, 5),
(791, 10000000, '908387896267', 5, 2),
(792, 10000000, '185878173165', 5, 3),
(793, 10000000, '512766434767', 5, 4),
(794, 10000000, '140613985605', 5, 5),
(795, 10000000, '301664408408', 6, 2),
(796, 10000000, '929664632252', 6, 3),
(797, 10000000, '716673809121', 6, 4),
(798, 10000000, '980891777382', 6, 5),
(799, 0, NULL, 1, 1),
(800, 10000000, '625037309564', 44, 2),
(801, 10000000, '346102175506', 44, 3),
(802, 10000000, '424558531930', 44, 4),
(803, 10000000, '976603670818', 44, 5),
(804, 10000000, '609432285809', 3, 2),
(805, 10000000, '877513842277', 3, 3),
(806, 10000000, '254637442273', 3, 4),
(807, 10000000, '313362918123', 3, 5),
(808, 10000000, '733055282971', 4, 2),
(809, 10000000, '767167709991', 4, 3),
(810, 10000000, '529435430043', 4, 4),
(811, 10000000, '073336265116', 4, 5),
(812, 10000000, '966483144716', 5, 2),
(813, 10000000, '038834032061', 5, 3),
(814, 10000000, '481653388157', 5, 4),
(815, 10000000, '971312230089', 5, 5),
(816, 10000000, '649814969568', 6, 2),
(817, 10000000, '313640780775', 6, 3),
(818, 10000000, '282029193226', 6, 4),
(819, 10000000, '214154691404', 6, 5),
(820, 0, NULL, 1, 1),
(821, 10000000, '982769704710', 45, 2),
(822, 10000000, '505042446492', 45, 3),
(823, 10000000, '830092239884', 45, 4),
(824, 10000000, '965718190895', 45, 5),
(825, 10000000, '273499801127', 3, 2),
(826, 10000000, '809521474680', 3, 3),
(827, 10000000, '745031075048', 3, 4),
(828, 10000000, '137980055064', 3, 5),
(829, 10000000, '274827873185', 4, 2),
(830, 10000000, '225489682388', 4, 3),
(831, 10000000, '915731152147', 4, 4),
(832, 10000000, '491921210238', 4, 5),
(833, 10000000, '240804153810', 5, 2),
(834, 10000000, '795670588289', 5, 3),
(835, 10000000, '075717053337', 5, 4),
(836, 10000000, '839613865430', 5, 5),
(837, 10000000, '669356569291', 6, 2),
(838, 10000000, '030188664939', 6, 3),
(839, 10000000, '291955061521', 6, 4),
(840, 10000000, '330034255456', 6, 5),
(841, 0, NULL, 1, 1),
(842, 10000000, '936856768649', 46, 2),
(843, 10000000, '156213560250', 46, 3),
(844, 10000000, '065527540696', 46, 4),
(845, 10000000, '855378308391', 46, 5),
(846, 10000000, '969594579552', 3, 2),
(847, 10000000, '280586843382', 3, 3),
(848, 10000000, '582507489704', 3, 4),
(849, 10000000, '175319888846', 3, 5),
(850, 10000000, '320500072846', 4, 2),
(851, 10000000, '038872680921', 4, 3),
(852, 10000000, '754339618079', 4, 4),
(853, 10000000, '245976323201', 4, 5),
(854, 10000000, '828923487049', 5, 2),
(855, 10000000, '436640158957', 5, 3),
(856, 10000000, '495942676280', 5, 4),
(857, 10000000, '170203202294', 5, 5),
(858, 10000000, '000460960799', 6, 2),
(859, 10000000, '535182715830', 6, 3),
(860, 10000000, '168292141460', 6, 4),
(861, 10000000, '944939534135', 6, 5),
(862, 0, NULL, 1, 1),
(863, 10000000, '288277557316', 47, 2),
(864, 10000000, '396409406133', 47, 3),
(865, 10000000, '774610710884', 47, 4),
(866, 10000000, '553620256052', 47, 5),
(867, 10000000, '102838118343', 3, 2),
(868, 10000000, '330491679147', 3, 3),
(869, 10000000, '700097040807', 3, 4),
(870, 10000000, '541385689463', 3, 5),
(871, 10000000, '244103383178', 4, 2),
(872, 10000000, '719353549427', 4, 3),
(873, 10000000, '156964366940', 4, 4),
(874, 10000000, '251616549908', 4, 5),
(875, 10000000, '475343512808', 5, 2),
(876, 10000000, '873502531608', 5, 3),
(877, 10000000, '848898821114', 5, 4),
(878, 10000000, '000034875166', 5, 5),
(879, 10000000, '571839667726', 6, 2),
(880, 10000000, '632285594668', 6, 3),
(881, 10000000, '342578840465', 6, 4),
(882, 10000000, '641596178596', 6, 5),
(883, 0, NULL, 1, 1),
(884, 10000000, '847470405313', 48, 2),
(885, 10000000, '953850909484', 48, 3),
(886, 10000000, '923839952184', 48, 4),
(887, 10000000, '039625082212', 48, 5),
(888, 10000000, '449414895511', 3, 2),
(889, 10000000, '027634000350', 3, 3),
(890, 10000000, '094990358969', 3, 4),
(891, 10000000, '793929314768', 3, 5),
(892, 10000000, '137749127180', 4, 2),
(893, 10000000, '492997433825', 4, 3),
(894, 10000000, '234452234317', 4, 4),
(895, 10000000, '129552371587', 4, 5),
(896, 10000000, '657272675796', 5, 2),
(897, 10000000, '818528214798', 5, 3),
(898, 10000000, '968985653842', 5, 4),
(899, 10000000, '479265837714', 5, 5),
(900, 10000000, '186687687897', 6, 2),
(901, 10000000, '502118984197', 6, 3),
(902, 10000000, '559649846567', 6, 4),
(903, 10000000, '208937648486', 6, 5),
(904, 0, NULL, 1, 1),
(905, 10000000, '856248155963', 49, 2),
(906, 10000000, '192998335503', 49, 3),
(907, 10000000, '365733940730', 49, 4),
(908, 10000000, '247265359756', 49, 5),
(909, 10000000, '440850083190', 3, 2),
(910, 10000000, '962077624753', 3, 3),
(911, 10000000, '383631294702', 3, 4),
(912, 10000000, '282353850271', 3, 5),
(913, 10000000, '405770734949', 4, 2),
(914, 10000000, '224714714409', 4, 3),
(915, 10000000, '003699704602', 4, 4),
(916, 10000000, '556047004794', 4, 5),
(917, 10000000, '191165142897', 5, 2),
(918, 10000000, '463786291873', 5, 3),
(919, 10000000, '221618151642', 5, 4),
(920, 10000000, '355638244642', 5, 5),
(921, 10000000, '556985971991', 6, 2),
(922, 10000000, '234506607248', 6, 3),
(923, 10000000, '097234274426', 6, 4),
(924, 10000000, '069480782695', 6, 5),
(925, 0, NULL, 1, 1),
(926, 10000000, '832190952344', 50, 2),
(927, 10000000, '939873928549', 50, 3),
(928, 10000000, '293066277102', 50, 4),
(929, 10000000, '729209765263', 50, 5),
(930, 10000000, '529826524226', 3, 2),
(931, 10000000, '022610722970', 3, 3),
(932, 10000000, '973829546940', 3, 4),
(933, 10000000, '446938907403', 3, 5),
(934, 10000000, '034197536627', 4, 2),
(935, 10000000, '227262447040', 4, 3),
(936, 10000000, '295885832319', 4, 4),
(937, 10000000, '517164073434', 4, 5),
(938, 10000000, '576109157140', 5, 2),
(939, 10000000, '113085371510', 5, 3),
(940, 10000000, '278233069307', 5, 4),
(941, 10000000, '232717425074', 5, 5),
(942, 10000000, '526276879664', 6, 2),
(943, 10000000, '559214576974', 6, 3),
(944, 10000000, '312669505752', 6, 4),
(945, 10000000, '951215725801', 6, 5),
(946, 0, NULL, 1, 1),
(947, 10000000, '202620821262', 51, 2),
(948, 10000000, '870659845631', 51, 3),
(949, 10000000, '370281246309', 51, 4),
(950, 10000000, '196847559632', 51, 5),
(951, 10000000, '434112550078', 3, 2),
(952, 10000000, '927496191137', 3, 3),
(953, 10000000, '090410800871', 3, 4),
(954, 10000000, '221427476908', 3, 5),
(955, 10000000, '897976989272', 4, 2),
(956, 10000000, '026092653151', 4, 3),
(957, 10000000, '307099623886', 4, 4),
(958, 10000000, '166541010384', 4, 5),
(959, 10000000, '884519871105', 5, 2),
(960, 10000000, '142283834782', 5, 3),
(961, 10000000, '073391577068', 5, 4),
(962, 10000000, '664231958946', 5, 5),
(963, 10000000, '847870566987', 6, 2),
(964, 10000000, '020443806246', 6, 3),
(965, 10000000, '302744168297', 6, 4),
(966, 10000000, '725741925090', 6, 5),
(967, 0, NULL, 1, 1),
(968, 10000000, '417912065858', 52, 2),
(969, 10000000, '028568337118', 52, 3),
(970, 10000000, '686402910778', 52, 4),
(971, 10000000, '990990335553', 52, 5),
(972, 10000000, '966238472973', 3, 2),
(973, 10000000, '933523848092', 3, 3),
(974, 10000000, '839923551234', 3, 4),
(975, 10000000, '919718280265', 3, 5),
(976, 10000000, '031481981589', 4, 2),
(977, 10000000, '355892404637', 4, 3),
(978, 10000000, '644174477220', 4, 4),
(979, 10000000, '561699407952', 4, 5),
(980, 10000000, '572584402479', 5, 2),
(981, 10000000, '932393292089', 5, 3),
(982, 10000000, '447133099556', 5, 4),
(983, 10000000, '875907016635', 5, 5),
(984, 10000000, '212553646637', 6, 2),
(985, 10000000, '613452766291', 6, 3),
(986, 10000000, '763649594241', 6, 4),
(987, 10000000, '752315128867', 6, 5),
(988, 0, NULL, 1, 1),
(989, 10000000, '316937653641', 53, 2),
(990, 10000000, '049943084640', 53, 3),
(991, 10000000, '068844553538', 53, 4),
(992, 10000000, '673400216439', 53, 5),
(993, 10000000, '419222844914', 3, 2),
(994, 10000000, '937650629008', 3, 3),
(995, 10000000, '107911063559', 3, 4),
(996, 10000000, '721079160871', 3, 5),
(997, 10000000, '154770054055', 4, 2),
(998, 10000000, '288375247853', 4, 3),
(999, 10000000, '803790747152', 4, 4),
(1000, 10000000, '072825226364', 4, 5),
(1001, 10000000, '352097805699', 5, 2),
(1002, 10000000, '962206431467', 5, 3),
(1003, 10000000, '346444830951', 5, 4),
(1004, 10000000, '498535842534', 5, 5),
(1005, 10000000, '578918096684', 6, 2),
(1006, 10000000, '263930660113', 6, 3),
(1007, 10000000, '971886520912', 6, 4),
(1008, 10000000, '224688218729', 6, 5),
(1009, 0, NULL, 1, 1),
(1010, 10000000, '278918208384', 54, 2),
(1011, 10000000, '250234014872', 54, 3),
(1012, 10000000, '295678642342', 54, 4),
(1013, 10000000, '662726897590', 54, 5),
(1014, 10000000, '373267776609', 3, 2),
(1015, 10000000, '489119373045', 3, 3),
(1016, 10000000, '089614099867', 3, 4),
(1017, 10000000, '866248566685', 3, 5),
(1018, 10000000, '090614694524', 4, 2),
(1019, 10000000, '191072593317', 4, 3),
(1020, 10000000, '699461399385', 4, 4),
(1021, 10000000, '593446124492', 4, 5),
(1022, 10000000, '834375951933', 5, 2),
(1023, 10000000, '241843614217', 5, 3),
(1024, 10000000, '399946308951', 5, 4),
(1025, 10000000, '178473059593', 5, 5),
(1026, 10000000, '114070957012', 6, 2),
(1027, 10000000, '935142224085', 6, 3),
(1028, 10000000, '774873875551', 6, 4),
(1029, 10000000, '698124082574', 6, 5),
(1030, 0, NULL, 1, 1),
(1031, 10000000, '101687890605', 55, 2),
(1032, 10000000, '158476875705', 55, 3),
(1033, 10000000, '030953644541', 55, 4),
(1034, 10000000, '325309268168', 55, 5),
(1035, 10000000, '712489440908', 3, 2),
(1036, 10000000, '463375359314', 3, 3),
(1037, 10000000, '939039843740', 3, 4),
(1038, 10000000, '389617149983', 3, 5),
(1039, 10000000, '028468894049', 4, 2),
(1040, 10000000, '951864330501', 4, 3),
(1041, 10000000, '244602131878', 4, 4),
(1042, 10000000, '073337506404', 4, 5),
(1043, 10000000, '317109309653', 5, 2),
(1044, 10000000, '513994721745', 5, 3),
(1045, 10000000, '015720667004', 5, 4),
(1046, 10000000, '509763424615', 5, 5),
(1047, 10000000, '931804535049', 6, 2),
(1048, 10000000, '187874545084', 6, 3),
(1049, 10000000, '429385663931', 6, 4),
(1050, 10000000, '469991812911', 6, 5),
(1051, 0, NULL, 1, 1),
(1052, 10000000, '929756746385', 56, 2),
(1053, 10000000, '871099189484', 56, 3),
(1054, 10000000, '648821136149', 56, 4),
(1055, 10000000, '901830819037', 56, 5),
(1056, 10000000, '476797491271', 3, 2),
(1057, 10000000, '947651088424', 3, 3),
(1058, 10000000, '930171123507', 3, 4),
(1059, 10000000, '175041180527', 3, 5),
(1060, 10000000, '357824722269', 4, 2),
(1061, 10000000, '519238213648', 4, 3),
(1062, 10000000, '491797844258', 4, 4),
(1063, 10000000, '555466256396', 4, 5),
(1064, 10000000, '058479685390', 5, 2),
(1065, 10000000, '413980046633', 5, 3),
(1066, 10000000, '481038787333', 5, 4),
(1067, 10000000, '216349701862', 5, 5),
(1068, 10000000, '090120447177', 6, 2),
(1069, 10000000, '879224720068', 6, 3),
(1070, 10000000, '697667149758', 6, 4),
(1071, 10000000, '069231621941', 6, 5),
(1072, 0, NULL, 1, 1),
(1073, 10000000, '930259534229', 57, 2),
(1074, 10000000, '699984112230', 57, 3),
(1075, 10000000, '077653703686', 57, 4),
(1076, 10000000, '615774502746', 57, 5),
(1077, 10000000, '719523734534', 3, 2),
(1078, 10000000, '579200636064', 3, 3),
(1079, 10000000, '416920186374', 3, 4),
(1080, 10000000, '812093631537', 3, 5),
(1081, 10000000, '112654226004', 4, 2),
(1082, 10000000, '648532281555', 4, 3),
(1083, 10000000, '475182147092', 4, 4),
(1084, 10000000, '377693313275', 4, 5),
(1085, 10000000, '649564182823', 5, 2),
(1086, 10000000, '393960757960', 5, 3),
(1087, 10000000, '718631442644', 5, 4),
(1088, 10000000, '288125804097', 5, 5),
(1089, 10000000, '193396931902', 6, 2),
(1090, 10000000, '972121630404', 6, 3),
(1091, 10000000, '795308598622', 6, 4),
(1092, 10000000, '573003800581', 6, 5),
(1093, 0, NULL, 1, 1),
(1094, 10000000, '164967613494', 58, 2),
(1095, 10000000, '257985795435', 58, 3),
(1096, 10000000, '830739096777', 58, 4),
(1097, 10000000, '980236084943', 58, 5),
(1098, 10000000, '362740277468', 3, 2),
(1099, 10000000, '158680954760', 3, 3),
(1100, 10000000, '851058010974', 3, 4),
(1101, 10000000, '221715673297', 3, 5),
(1102, 10000000, '654265226025', 4, 2),
(1103, 10000000, '737424987962', 4, 3),
(1104, 10000000, '033077258294', 4, 4),
(1105, 10000000, '020831099900', 4, 5),
(1106, 10000000, '071286823832', 5, 2),
(1107, 10000000, '223066397640', 5, 3),
(1108, 10000000, '417030258938', 5, 4),
(1109, 10000000, '899283314039', 5, 5),
(1110, 10000000, '233047333099', 6, 2),
(1111, 10000000, '153374241366', 6, 3),
(1112, 10000000, '638716551919', 6, 4),
(1113, 10000000, '853901477158', 6, 5),
(1114, 0, NULL, 1, 1),
(1115, 10000000, '740343018838', 59, 2),
(1116, 10000000, '882474515587', 59, 3),
(1117, 10000000, '239312710377', 59, 4),
(1118, 10000000, '678522190685', 59, 5),
(1119, 10000000, '684119888645', 3, 2),
(1120, 10000000, '278993774169', 3, 3),
(1121, 10000000, '987177227030', 3, 4),
(1122, 10000000, '337136090502', 3, 5),
(1123, 10000000, '275435503891', 4, 2),
(1124, 10000000, '651150314714', 4, 3),
(1125, 10000000, '811214716059', 4, 4),
(1126, 10000000, '188412055579', 4, 5),
(1127, 10000000, '052016623993', 5, 2),
(1128, 10000000, '877585532978', 5, 3),
(1129, 10000000, '963608088065', 5, 4),
(1130, 10000000, '740886759501', 5, 5),
(1131, 10000000, '712659706668', 6, 2),
(1132, 10000000, '189981921394', 6, 3),
(1133, 10000000, '807402233150', 6, 4),
(1134, 10000000, '750779945527', 6, 5),
(1135, 0, NULL, 1, 1),
(1136, 10000000, '570837549078', 60, 2),
(1137, 10000000, '304586302639', 60, 3),
(1138, 10000000, '005303639037', 60, 4),
(1139, 10000000, '313116735468', 60, 5),
(1140, 10000000, '227767204558', 3, 2),
(1141, 10000000, '084725352879', 3, 3),
(1142, 10000000, '397235323461', 3, 4),
(1143, 10000000, '475257954036', 3, 5),
(1144, 10000000, '491613436813', 4, 2),
(1145, 10000000, '439521757228', 4, 3),
(1146, 10000000, '437685221939', 4, 4),
(1147, 10000000, '035141025772', 4, 5),
(1148, 10000000, '225441576338', 5, 2),
(1149, 10000000, '605249993057', 5, 3),
(1150, 10000000, '740875310807', 5, 4),
(1151, 10000000, '759334010695', 5, 5),
(1152, 10000000, '350504169788', 6, 2),
(1153, 10000000, '180924966493', 6, 3),
(1154, 10000000, '953865647636', 6, 4),
(1155, 10000000, '793417093334', 6, 5),
(1156, 0, NULL, 1, 1),
(1157, 10000000, '844386830123', 61, 2),
(1158, 10000000, '668721974757', 61, 3),
(1159, 10000000, '616999393198', 61, 4),
(1160, 10000000, '033468689909', 61, 5),
(1161, 10000000, '296018877094', 3, 2),
(1162, 10000000, '433812920267', 3, 3),
(1163, 10000000, '534436946881', 3, 4),
(1164, 10000000, '734904104010', 3, 5),
(1165, 10000000, '369242169715', 4, 2),
(1166, 10000000, '805463805095', 4, 3),
(1167, 10000000, '267960560747', 4, 4),
(1168, 10000000, '977237869073', 4, 5),
(1169, 10000000, '281380761918', 5, 2),
(1170, 10000000, '518329878635', 5, 3),
(1171, 10000000, '928637451883', 5, 4),
(1172, 10000000, '076115525369', 5, 5),
(1173, 10000000, '327784067844', 6, 2),
(1174, 10000000, '717978905399', 6, 3),
(1175, 10000000, '469560255050', 6, 4),
(1176, 10000000, '495559294485', 6, 5),
(1177, 0, NULL, 1, 1),
(1178, 10000000, '911931233367', 62, 2),
(1179, 10000000, '706888832066', 62, 3),
(1180, 10000000, '129253752712', 62, 4),
(1181, 10000000, '800258866434', 62, 5),
(1182, 10000000, '179027018944', 3, 2),
(1183, 10000000, '461882494254', 3, 3),
(1184, 10000000, '262745606141', 3, 4),
(1185, 10000000, '439023392093', 3, 5),
(1186, 10000000, '494080289512', 4, 2),
(1187, 10000000, '719510541379', 4, 3),
(1188, 10000000, '349554162189', 4, 4),
(1189, 10000000, '903296560264', 4, 5),
(1190, 10000000, '459107764483', 5, 2),
(1191, 10000000, '907689985592', 5, 3),
(1192, 10000000, '824739957859', 5, 4),
(1193, 10000000, '257477241110', 5, 5),
(1194, 10000000, '701114749579', 6, 2),
(1195, 10000000, '592875017713', 6, 3),
(1196, 10000000, '886830144021', 6, 4),
(1197, 10000000, '781882023737', 6, 5),
(1198, 0, NULL, 1, 1),
(1199, 10000000, '610100851541', 63, 2),
(1200, 10000000, '686124973408', 63, 3),
(1201, 10000000, '649956513049', 63, 4),
(1202, 10000000, '048299587189', 63, 5),
(1203, 10000000, '367946649122', 3, 2),
(1204, 10000000, '530849481720', 3, 3),
(1205, 10000000, '686414432826', 3, 4),
(1206, 10000000, '595441716788', 3, 5),
(1207, 10000000, '519432567012', 4, 2),
(1208, 10000000, '731579033847', 4, 3),
(1209, 10000000, '254818447589', 4, 4),
(1210, 10000000, '761926191196', 4, 5),
(1211, 10000000, '102790435721', 5, 2),
(1212, 10000000, '804204073927', 5, 3),
(1213, 10000000, '860005227319', 5, 4),
(1214, 10000000, '589824685442', 5, 5),
(1215, 10000000, '600280666650', 6, 2),
(1216, 10000000, '409463448820', 6, 3),
(1217, 10000000, '573468399858', 6, 4),
(1218, 10000000, '972392094155', 6, 5),
(1219, 0, NULL, 1, 1),
(1220, 10000000, '607750297955', 64, 2),
(1221, 10000000, '759862098534', 64, 3),
(1222, 10000000, '873181925193', 64, 4),
(1223, 10000000, '959013394622', 64, 5),
(1224, 10000000, '298107711598', 3, 2),
(1225, 10000000, '250946300645', 3, 3),
(1226, 10000000, '269915032602', 3, 4),
(1227, 10000000, '083313769835', 3, 5),
(1228, 10000000, '814006823276', 4, 2),
(1229, 10000000, '761263096195', 4, 3),
(1230, 10000000, '949101512587', 4, 4),
(1231, 10000000, '399480989426', 4, 5),
(1232, 10000000, '334690119067', 5, 2),
(1233, 10000000, '037125278769', 5, 3),
(1234, 10000000, '749844159732', 5, 4),
(1235, 10000000, '806789760788', 5, 5),
(1236, 10000000, '856069484347', 6, 2),
(1237, 10000000, '318314975694', 6, 3),
(1238, 10000000, '121682000049', 6, 4),
(1239, 10000000, '363649482216', 6, 5),
(1240, 0, NULL, 1, 1),
(1241, 10000000, '793568976348', 65, 2),
(1242, 10000000, '269382864970', 65, 3),
(1243, 10000000, '799711456615', 65, 4),
(1244, 10000000, '639835460113', 65, 5),
(1245, 10000000, '744153923955', 3, 2),
(1246, 10000000, '769614155807', 3, 3),
(1247, 10000000, '319655985080', 3, 4),
(1248, 10000000, '596076382043', 3, 5),
(1249, 10000000, '765304665160', 4, 2),
(1250, 10000000, '317503170389', 4, 3),
(1251, 10000000, '988881639404', 4, 4),
(1252, 10000000, '672272932729', 4, 5),
(1253, 10000000, '191062491690', 5, 2),
(1254, 10000000, '003607058412', 5, 3),
(1255, 10000000, '796121945602', 5, 4),
(1256, 10000000, '514611228666', 5, 5),
(1257, 10000000, '951222327872', 6, 2),
(1258, 10000000, '290606122077', 6, 3),
(1259, 10000000, '168954303522', 6, 4),
(1260, 10000000, '664784566751', 6, 5),
(1261, 0, NULL, 1, 1),
(1262, 10000000, '680598152405', 66, 2),
(1263, 10000000, '264012504584', 66, 3),
(1264, 10000000, '328843425806', 66, 4),
(1265, 10000000, '486358119479', 66, 5),
(1266, 10000000, '723815676370', 3, 2),
(1267, 10000000, '957181821852', 3, 3),
(1268, 10000000, '397615390658', 3, 4),
(1269, 10000000, '375645067984', 3, 5),
(1270, 10000000, '482079969010', 4, 2),
(1271, 10000000, '303901089120', 4, 3),
(1272, 10000000, '857238632025', 4, 4),
(1273, 10000000, '390937844497', 4, 5),
(1274, 10000000, '150335152895', 5, 2),
(1275, 10000000, '601291604237', 5, 3),
(1276, 10000000, '029252818495', 5, 4),
(1277, 10000000, '213413719809', 5, 5),
(1278, 10000000, '985533857668', 6, 2),
(1279, 10000000, '697885845631', 6, 3),
(1280, 10000000, '717547014607', 6, 4),
(1281, 10000000, '251535303379', 6, 5),
(1282, 0, NULL, 1, 1),
(1283, 10000000, '451709495752', 67, 2),
(1284, 10000000, '669865574733', 67, 3),
(1285, 10000000, '437397929958', 67, 4),
(1286, 10000000, '652275391861', 67, 5),
(1287, 10000000, '151210746239', 3, 2),
(1288, 10000000, '248505040283', 3, 3),
(1289, 10000000, '453862916618', 3, 4),
(1290, 10000000, '524233110194', 3, 5),
(1291, 10000000, '996567710861', 4, 2),
(1292, 10000000, '487918916095', 4, 3),
(1293, 10000000, '133347621165', 4, 4),
(1294, 10000000, '667034293746', 4, 5),
(1295, 10000000, '962907604398', 5, 2),
(1296, 10000000, '057526731247', 5, 3),
(1297, 10000000, '526237630631', 5, 4),
(1298, 10000000, '631587695643', 5, 5),
(1299, 10000000, '075343824666', 6, 2),
(1300, 10000000, '008735640468', 6, 3),
(1301, 10000000, '151678795992', 6, 4),
(1302, 10000000, '154807129790', 6, 5),
(1303, 0, NULL, 1, 1),
(1304, 10000000, '797609589932', 68, 2),
(1305, 10000000, '466140079225', 68, 3),
(1306, 10000000, '843401726240', 68, 4),
(1307, 10000000, '534953143391', 68, 5),
(1308, 10000000, '962477171660', 3, 2),
(1309, 10000000, '138207194185', 3, 3),
(1310, 10000000, '898173227852', 3, 4),
(1311, 10000000, '191489638357', 3, 5),
(1312, 10000000, '323867688226', 4, 2),
(1313, 10000000, '161555103167', 4, 3),
(1314, 10000000, '116372787263', 4, 4),
(1315, 10000000, '089578160761', 4, 5),
(1316, 10000000, '431289841216', 5, 2),
(1317, 10000000, '555462840042', 5, 3),
(1318, 10000000, '363509000317', 5, 4),
(1319, 10000000, '985550377922', 5, 5),
(1320, 10000000, '183842666417', 6, 2),
(1321, 10000000, '495767250425', 6, 3),
(1322, 10000000, '105203107659', 6, 4),
(1323, 10000000, '995519899193', 6, 5),
(1324, 0, NULL, 1, 1),
(1325, 10000000, '086013201731', 69, 2),
(1326, 10000000, '554716175763', 69, 3),
(1327, 10000000, '727903606669', 69, 4),
(1328, 10000000, '455544236811', 69, 5),
(1329, 10000000, '066811970845', 3, 2),
(1330, 10000000, '926638490028', 3, 3),
(1331, 10000000, '232064417542', 3, 4),
(1332, 10000000, '882877386542', 3, 5),
(1333, 10000000, '098710527137', 4, 2),
(1334, 10000000, '693175800820', 4, 3),
(1335, 10000000, '999781038227', 4, 4),
(1336, 10000000, '744250121742', 4, 5),
(1337, 10000000, '901399952394', 5, 2),
(1338, 10000000, '169788336994', 5, 3),
(1339, 10000000, '422934107593', 5, 4),
(1340, 10000000, '332313887100', 5, 5),
(1341, 10000000, '581713584434', 6, 2),
(1342, 10000000, '868343046466', 6, 3),
(1343, 10000000, '616090548926', 6, 4),
(1344, 10000000, '491675578366', 6, 5),
(1345, 0, NULL, 1, 1),
(1346, 10000000, '077903857727', 70, 2),
(1347, 10000000, '143618903628', 70, 3),
(1348, 10000000, '110682085609', 70, 4),
(1349, 10000000, '198276610594', 70, 5),
(1350, 10000000, '138788249287', 3, 2),
(1351, 10000000, '713634146765', 3, 3),
(1352, 10000000, '678575037558', 3, 4),
(1353, 10000000, '251564474838', 3, 5),
(1354, 10000000, '756259031988', 4, 2),
(1355, 10000000, '334102738292', 4, 3),
(1356, 10000000, '033184678924', 4, 4),
(1357, 10000000, '010107299950', 4, 5),
(1358, 10000000, '731664818858', 5, 2),
(1359, 10000000, '870398601390', 5, 3),
(1360, 10000000, '026530346622', 5, 4),
(1361, 10000000, '899733899302', 5, 5),
(1362, 10000000, '666981418628', 6, 2),
(1363, 10000000, '866678268941', 6, 3),
(1364, 10000000, '132411315932', 6, 4),
(1365, 10000000, '407507815936', 6, 5);
INSERT INTO `rekening_nasabah` (`account_id`, `balance`, `nomor_rekening`, `nasabah`, `rekening`) VALUES
(1366, 0, NULL, 1, 1),
(1367, 10000000, '985036744535', 71, 2),
(1368, 10000000, '915549005176', 71, 3),
(1369, 10000000, '540896568134', 71, 4),
(1370, 10000000, '523754114813', 71, 5),
(1371, 10000000, '929872510059', 3, 2),
(1372, 10000000, '663418150480', 3, 3),
(1373, 10000000, '180317811620', 3, 4),
(1374, 10000000, '175477880461', 3, 5),
(1375, 10000000, '331055158945', 4, 2),
(1376, 10000000, '731661520220', 4, 3),
(1377, 10000000, '643833200874', 4, 4),
(1378, 10000000, '011361954372', 4, 5),
(1379, 10000000, '644402485354', 5, 2),
(1380, 10000000, '762429493721', 5, 3),
(1381, 10000000, '122057987850', 5, 4),
(1382, 10000000, '885766026991', 5, 5),
(1383, 10000000, '114340722858', 6, 2),
(1384, 10000000, '758215537210', 6, 3),
(1385, 10000000, '657663154914', 6, 4),
(1386, 10000000, '489194186949', 6, 5),
(1387, 0, NULL, 1, 1),
(1388, 10000000, '051199380341', 72, 2),
(1389, 10000000, '188102611318', 72, 3),
(1390, 10000000, '018117047148', 72, 4),
(1391, 10000000, '421550315920', 72, 5),
(1392, 10000000, '165257675808', 3, 2),
(1393, 10000000, '956735309761', 3, 3),
(1394, 10000000, '378170678477', 3, 4),
(1395, 10000000, '474572192535', 3, 5),
(1396, 10000000, '805620201020', 4, 2),
(1397, 10000000, '039195857339', 4, 3),
(1398, 10000000, '478230548221', 4, 4),
(1399, 10000000, '406608540353', 4, 5),
(1400, 10000000, '064158376257', 5, 2),
(1401, 10000000, '325938664193', 5, 3),
(1402, 10000000, '715627443916', 5, 4),
(1403, 10000000, '930109343500', 5, 5),
(1404, 10000000, '296877085369', 6, 2),
(1405, 10000000, '532236371813', 6, 3),
(1406, 10000000, '180905154925', 6, 4),
(1407, 10000000, '865747818015', 6, 5),
(1408, 0, NULL, 1, 1),
(1409, 10000000, '626007317725', 73, 2),
(1410, 10000000, '844030642331', 73, 3),
(1411, 10000000, '996129403729', 73, 4),
(1412, 10000000, '502471090381', 73, 5),
(1413, 10000000, '192816674322', 3, 2),
(1414, 10000000, '535498624460', 3, 3),
(1415, 10000000, '621015497300', 3, 4),
(1416, 10000000, '578488755442', 3, 5),
(1417, 10000000, '417211044740', 4, 2),
(1418, 10000000, '831009937401', 4, 3),
(1419, 10000000, '251606205184', 4, 4),
(1420, 10000000, '056905394873', 4, 5),
(1421, 10000000, '842143510401', 5, 2),
(1422, 10000000, '726959572282', 5, 3),
(1423, 10000000, '059577747216', 5, 4),
(1424, 10000000, '763293058148', 5, 5),
(1425, 10000000, '841552286997', 6, 2),
(1426, 10000000, '819465780179', 6, 3),
(1427, 10000000, '287823526897', 6, 4),
(1428, 10000000, '283952403881', 6, 5),
(1429, 0, NULL, 1, 1),
(1430, 10000000, '397452345213', 74, 2),
(1431, 10000000, '785135130017', 74, 3),
(1432, 10000000, '818484540757', 74, 4),
(1433, 10000000, '246690728868', 74, 5),
(1434, 10000000, '254597412939', 3, 2),
(1435, 10000000, '616963055279', 3, 3),
(1436, 10000000, '373713612984', 3, 4),
(1437, 10000000, '829311385419', 3, 5),
(1438, 10000000, '371114805129', 4, 2),
(1439, 10000000, '938226833459', 4, 3),
(1440, 10000000, '945935122548', 4, 4),
(1441, 10000000, '421288892059', 4, 5),
(1442, 10000000, '163328653222', 5, 2),
(1443, 10000000, '916930189619', 5, 3),
(1444, 10000000, '318420895722', 5, 4),
(1445, 10000000, '766878163997', 5, 5),
(1446, 10000000, '987510626423', 6, 2),
(1447, 10000000, '260295132760', 6, 3),
(1448, 10000000, '624435288003', 6, 4),
(1449, 10000000, '453919412203', 6, 5),
(1450, 0, NULL, 1, 1),
(1451, 10000000, '225148405411', 75, 2),
(1452, 10000000, '711224474296', 75, 3),
(1453, 10000000, '116900396199', 75, 4),
(1454, 10000000, '541821731762', 75, 5),
(1455, 10000000, '694048803831', 3, 2),
(1456, 10000000, '203475201821', 3, 3),
(1457, 10000000, '864437852150', 3, 4),
(1458, 10000000, '126292428426', 3, 5),
(1459, 10000000, '176395574651', 4, 2),
(1460, 10000000, '080408967489', 4, 3),
(1461, 10000000, '387938064267', 4, 4),
(1462, 10000000, '234219606133', 4, 5),
(1463, 10000000, '036925396100', 5, 2),
(1464, 10000000, '025173096967', 5, 3),
(1465, 10000000, '977013218970', 5, 4),
(1466, 10000000, '756783266800', 5, 5),
(1467, 10000000, '478423417535', 6, 2),
(1468, 10000000, '484010463639', 6, 3),
(1469, 10000000, '294703905958', 6, 4),
(1470, 10000000, '417901504815', 6, 5),
(1471, 0, NULL, 1, 1),
(1472, 10000000, '092734628558', 76, 2),
(1473, 10000000, '647838489664', 76, 3),
(1474, 10000000, '426902678073', 76, 4),
(1475, 10000000, '096117651710', 76, 5),
(1476, 10000000, '317600282707', 3, 2),
(1477, 10000000, '923281486042', 3, 3),
(1478, 10000000, '323652523132', 3, 4),
(1479, 10000000, '577137242669', 3, 5),
(1480, 10000000, '088581212448', 4, 2),
(1481, 10000000, '909946874656', 4, 3),
(1482, 10000000, '052704359217', 4, 4),
(1483, 10000000, '829630084865', 4, 5),
(1484, 10000000, '365528918776', 5, 2),
(1485, 10000000, '062598937733', 5, 3),
(1486, 10000000, '014951664087', 5, 4),
(1487, 10000000, '998255669904', 5, 5),
(1488, 10000000, '954494561279', 6, 2),
(1489, 10000000, '691142023779', 6, 3),
(1490, 10000000, '251775133031', 6, 4),
(1491, 10000000, '678707472379', 6, 5),
(1492, 0, NULL, 1, 1),
(1493, 10000000, '673400938816', 77, 2),
(1494, 10000000, '345239984517', 77, 3),
(1495, 10000000, '885807263437', 77, 4),
(1496, 10000000, '423945701077', 77, 5),
(1497, 10000000, '663608539256', 3, 2),
(1498, 10000000, '752171785785', 3, 3),
(1499, 10000000, '889180132798', 3, 4),
(1500, 10000000, '274526942387', 3, 5),
(1501, 10000000, '154708620886', 4, 2),
(1502, 10000000, '877612411345', 4, 3),
(1503, 10000000, '178011043859', 4, 4),
(1504, 10000000, '435011846185', 4, 5),
(1505, 10000000, '225455825411', 5, 2),
(1506, 10000000, '743415413827', 5, 3),
(1507, 10000000, '684755177844', 5, 4),
(1508, 10000000, '245993284734', 5, 5),
(1509, 10000000, '127368297568', 6, 2),
(1510, 10000000, '662311642352', 6, 3),
(1511, 10000000, '260377478372', 6, 4),
(1512, 10000000, '058415446497', 6, 5),
(1513, 0, NULL, 1, 1),
(1514, 10000000, '699869394418', 78, 2),
(1515, 10000000, '014939764842', 78, 3),
(1516, 10000000, '795597316917', 78, 4),
(1517, 10000000, '060377997500', 78, 5),
(1518, 10000000, '342338180471', 3, 2),
(1519, 10000000, '868522510448', 3, 3),
(1520, 10000000, '551731996699', 3, 4),
(1521, 10000000, '862037917420', 3, 5),
(1522, 10000000, '283428764159', 4, 2),
(1523, 10000000, '335256549987', 4, 3),
(1524, 10000000, '766818046387', 4, 4),
(1525, 10000000, '945660186468', 4, 5),
(1526, 10000000, '800470103629', 5, 2),
(1527, 10000000, '292107363430', 5, 3),
(1528, 10000000, '011010422154', 5, 4),
(1529, 10000000, '180757536532', 5, 5),
(1530, 10000000, '803702279084', 6, 2),
(1531, 10000000, '634391105930', 6, 3),
(1532, 10000000, '350501001594', 6, 4),
(1533, 10000000, '719499385924', 6, 5),
(1534, 0, NULL, 1, 1),
(1535, 10000000, '041123636909', 79, 2),
(1536, 10000000, '893620077950', 79, 3),
(1537, 10000000, '147850257217', 79, 4),
(1538, 10000000, '659088193495', 79, 5),
(1539, 10000000, '372407261078', 3, 2),
(1540, 10000000, '291687432710', 3, 3),
(1541, 10000000, '518544722142', 3, 4),
(1542, 10000000, '669838406008', 3, 5),
(1543, 10000000, '149281689588', 4, 2),
(1544, 10000000, '497268700217', 4, 3),
(1545, 10000000, '257733707606', 4, 4),
(1546, 10000000, '285779588997', 4, 5),
(1547, 10000000, '729192925922', 5, 2),
(1548, 10000000, '117306945853', 5, 3),
(1549, 10000000, '156691963201', 5, 4),
(1550, 10000000, '287701760992', 5, 5),
(1551, 10000000, '919759193794', 6, 2),
(1552, 10000000, '035506945937', 6, 3),
(1553, 10000000, '760582020570', 6, 4),
(1554, 10000000, '856599265521', 6, 5),
(1555, 0, NULL, 1, 1),
(1556, 10000000, '603828669383', 80, 2),
(1557, 10000000, '317528628296', 80, 3),
(1558, 10000000, '745376711566', 80, 4),
(1559, 10000000, '551735702775', 80, 5),
(1560, 10000000, '754928161665', 3, 2),
(1561, 10000000, '318436655956', 3, 3),
(1562, 10000000, '670178831140', 3, 4),
(1563, 10000000, '534619864640', 3, 5),
(1564, 10000000, '446131364488', 4, 2),
(1565, 10000000, '043541692689', 4, 3),
(1566, 10000000, '876518200117', 4, 4),
(1567, 10000000, '529492693650', 4, 5),
(1568, 10000000, '264745928931', 5, 2),
(1569, 10000000, '915050829664', 5, 3),
(1570, 10000000, '961382830401', 5, 4),
(1571, 10000000, '657983391924', 5, 5),
(1572, 10000000, '382799034050', 6, 2),
(1573, 10000000, '488361542867', 6, 3),
(1574, 10000000, '879641558608', 6, 4),
(1575, 10000000, '355908571844', 6, 5),
(1576, 0, NULL, 1, 1),
(1577, 10000000, '375451443685', 81, 2),
(1578, 10000000, '295519278664', 81, 3),
(1579, 10000000, '131692558490', 81, 4),
(1580, 10000000, '624758461314', 81, 5),
(1581, 10000000, '520147636388', 3, 2),
(1582, 10000000, '195058430952', 3, 3),
(1583, 10000000, '591428909726', 3, 4),
(1584, 10000000, '653678130457', 3, 5),
(1585, 10000000, '478811712356', 4, 2),
(1586, 10000000, '193638101073', 4, 3),
(1587, 10000000, '097131205100', 4, 4),
(1588, 10000000, '182618833920', 4, 5),
(1589, 10000000, '178829449348', 5, 2),
(1590, 10000000, '975524622009', 5, 3),
(1591, 10000000, '653199931303', 5, 4),
(1592, 10000000, '675570275249', 5, 5),
(1593, 10000000, '734413531902', 6, 2),
(1594, 10000000, '878625894025', 6, 3),
(1595, 10000000, '306154634119', 6, 4),
(1596, 10000000, '208894167867', 6, 5),
(1597, 0, NULL, 1, 1),
(1598, 10000000, '936040317567', 82, 2),
(1599, 10000000, '171899520461', 82, 3),
(1600, 10000000, '229824343701', 82, 4),
(1601, 10000000, '393055227233', 82, 5),
(1602, 10000000, '180793451266', 3, 2),
(1603, 10000000, '484366792716', 3, 3),
(1604, 10000000, '401575993648', 3, 4),
(1605, 10000000, '601390928509', 3, 5),
(1606, 10000000, '261458121978', 4, 2),
(1607, 10000000, '190326901863', 4, 3),
(1608, 10000000, '202638716799', 4, 4),
(1609, 10000000, '349937100498', 4, 5),
(1610, 10000000, '513512473691', 5, 2),
(1611, 10000000, '290240611952', 5, 3),
(1612, 10000000, '635511211462', 5, 4),
(1613, 10000000, '365961921781', 5, 5),
(1614, 10000000, '732206940622', 6, 2),
(1615, 10000000, '455256648443', 6, 3),
(1616, 10000000, '305783652602', 6, 4),
(1617, 10000000, '460109376589', 6, 5),
(1618, 0, NULL, 1, 1),
(1619, 10000000, '999303635831', 83, 2),
(1620, 10000000, '370801996608', 83, 3),
(1621, 10000000, '447707151634', 83, 4),
(1622, 10000000, '120741707575', 83, 5),
(1623, 10000000, '004102288807', 3, 2),
(1624, 10000000, '423450152082', 3, 3),
(1625, 10000000, '742242205762', 3, 4),
(1626, 10000000, '166543820680', 3, 5),
(1627, 10000000, '009513015856', 4, 2),
(1628, 10000000, '339234731386', 4, 3),
(1629, 10000000, '499788468386', 4, 4),
(1630, 10000000, '642756262379', 4, 5),
(1631, 10000000, '904796728792', 5, 2),
(1632, 10000000, '065868234931', 5, 3),
(1633, 10000000, '487869608237', 5, 4),
(1634, 10000000, '770427705668', 5, 5),
(1635, 10000000, '339757946105', 6, 2),
(1636, 10000000, '107250216744', 6, 3),
(1637, 10000000, '760446213028', 6, 4),
(1638, 10000000, '139007149218', 6, 5),
(1639, 0, NULL, 1, 1),
(1640, 10000000, '425002846115', 84, 2),
(1641, 10000000, '904050369757', 84, 3),
(1642, 10000000, '487441898653', 84, 4),
(1643, 10000000, '285097614741', 84, 5),
(1644, 10000000, '946834046264', 3, 2),
(1645, 10000000, '076977756148', 3, 3),
(1646, 10000000, '970655733973', 3, 4),
(1647, 10000000, '966340616608', 3, 5),
(1648, 10000000, '537500859850', 4, 2),
(1649, 10000000, '532797799379', 4, 3),
(1650, 10000000, '396276726346', 4, 4),
(1651, 10000000, '882339635670', 4, 5),
(1652, 10000000, '591678695246', 5, 2),
(1653, 10000000, '511814233252', 5, 3),
(1654, 10000000, '567671728261', 5, 4),
(1655, 10000000, '770596415992', 5, 5),
(1656, 10000000, '921300304301', 6, 2),
(1657, 10000000, '399020083834', 6, 3),
(1658, 10000000, '116396977844', 6, 4),
(1659, 10000000, '659196888426', 6, 5),
(1660, 0, NULL, 1, 1),
(1661, 10000000, '331585808914', 85, 2),
(1662, 10000000, '844602858771', 85, 3),
(1663, 10000000, '290253473208', 85, 4),
(1664, 10000000, '411959493657', 85, 5),
(1665, 10000000, '041171770531', 3, 2),
(1666, 10000000, '666442395209', 3, 3),
(1667, 10000000, '795116713490', 3, 4),
(1668, 10000000, '347397919633', 3, 5),
(1669, 10000000, '196179594157', 4, 2),
(1670, 10000000, '739786312324', 4, 3),
(1671, 10000000, '660849691108', 4, 4),
(1672, 10000000, '289425522889', 4, 5),
(1673, 10000000, '273569903166', 5, 2),
(1674, 10000000, '719495705179', 5, 3),
(1675, 10000000, '657265527132', 5, 4),
(1676, 10000000, '553397980596', 5, 5),
(1677, 10000000, '425619070847', 6, 2),
(1678, 10000000, '925934576576', 6, 3),
(1679, 10000000, '497601762694', 6, 4),
(1680, 10000000, '869087043343', 6, 5),
(1681, 0, NULL, 1, 1),
(1682, 10000000, '692255457397', 86, 2),
(1683, 10000000, '378376481624', 86, 3),
(1684, 10000000, '134470643800', 86, 4),
(1685, 10000000, '187299919467', 86, 5),
(1686, 10000000, '040869629229', 3, 2),
(1687, 10000000, '297035795016', 3, 3),
(1688, 10000000, '430927098575', 3, 4),
(1689, 10000000, '170336235050', 3, 5),
(1690, 10000000, '448301885655', 4, 2),
(1691, 10000000, '898911888464', 4, 3),
(1692, 10000000, '847648705819', 4, 4),
(1693, 10000000, '529494352837', 4, 5),
(1694, 10000000, '838853603432', 5, 2),
(1695, 10000000, '858438417821', 5, 3),
(1696, 10000000, '373580333365', 5, 4),
(1697, 10000000, '360322222635', 5, 5),
(1698, 10000000, '608204142844', 6, 2),
(1699, 10000000, '566152324889', 6, 3),
(1700, 10000000, '913281660013', 6, 4),
(1701, 10000000, '553176328378', 6, 5),
(1702, 0, NULL, 1, 1),
(1703, 10000000, '617158275978', 87, 2),
(1704, 10000000, '420932364550', 87, 3),
(1705, 10000000, '062535496875', 87, 4),
(1706, 10000000, '955469830952', 87, 5),
(1707, 10000000, '524547631637', 3, 2),
(1708, 10000000, '192208531282', 3, 3),
(1709, 10000000, '440367725672', 3, 4),
(1710, 10000000, '241814244292', 3, 5),
(1711, 10000000, '473012705929', 4, 2),
(1712, 10000000, '102787290014', 4, 3),
(1713, 10000000, '801922488250', 4, 4),
(1714, 10000000, '114494604733', 4, 5),
(1715, 10000000, '030156115676', 5, 2),
(1716, 10000000, '975709029990', 5, 3),
(1717, 10000000, '828273731525', 5, 4),
(1718, 10000000, '253395095454', 5, 5),
(1719, 10000000, '173908898171', 6, 2),
(1720, 10000000, '787957278875', 6, 3),
(1721, 10000000, '755792703363', 6, 4),
(1722, 10000000, '876924091134', 6, 5),
(1723, 0, NULL, 1, 1),
(1724, 10000000, '570638967263', 88, 2),
(1725, 10000000, '479109964505', 88, 3),
(1726, 10000000, '856494491175', 88, 4),
(1727, 10000000, '155503527997', 88, 5),
(1728, 10000000, '347852308657', 3, 2),
(1729, 10000000, '076288590490', 3, 3),
(1730, 10000000, '897272656308', 3, 4),
(1731, 10000000, '385000836040', 3, 5),
(1732, 10000000, '227512769584', 4, 2),
(1733, 10000000, '071627970470', 4, 3),
(1734, 10000000, '850765792922', 4, 4),
(1735, 10000000, '168771025455', 4, 5),
(1736, 10000000, '765370528253', 5, 2),
(1737, 10000000, '260746058356', 5, 3),
(1738, 10000000, '030934082325', 5, 4),
(1739, 10000000, '056669839366', 5, 5),
(1740, 10000000, '033461959774', 6, 2),
(1741, 10000000, '244993360130', 6, 3),
(1742, 10000000, '817486481421', 6, 4),
(1743, 10000000, '365491629403', 6, 5),
(1744, 0, NULL, 1, 1),
(1745, 10000000, '935402369781', 89, 2),
(1746, 10000000, '996679410908', 89, 3),
(1747, 10000000, '048508567315', 89, 4),
(1748, 10000000, '175948770271', 89, 5),
(1749, 10000000, '277953609629', 3, 2),
(1750, 10000000, '840595209851', 3, 3),
(1751, 10000000, '392126216211', 3, 4),
(1752, 10000000, '537847196274', 3, 5),
(1753, 10000000, '363060316908', 4, 2),
(1754, 10000000, '886442401478', 4, 3),
(1755, 10000000, '547827545058', 4, 4),
(1756, 10000000, '875444478787', 4, 5),
(1757, 10000000, '411460842704', 5, 2),
(1758, 10000000, '739622526382', 5, 3),
(1759, 10000000, '932584061579', 5, 4),
(1760, 10000000, '067291983645', 5, 5),
(1761, 10000000, '336793200546', 6, 2),
(1762, 10000000, '739722777193', 6, 3),
(1763, 10000000, '931762919561', 6, 4),
(1764, 10000000, '223384450829', 6, 5),
(1765, 0, NULL, 1, 1),
(1766, 10000000, '297679700229', 90, 2),
(1767, 10000000, '532174053166', 90, 3),
(1768, 10000000, '740222084770', 90, 4),
(1769, 10000000, '209703111136', 90, 5),
(1770, 10000000, '323266652853', 3, 2),
(1771, 10000000, '512608934383', 3, 3),
(1772, 10000000, '576553427964', 3, 4),
(1773, 10000000, '342588609330', 3, 5),
(1774, 10000000, '113738120276', 4, 2),
(1775, 10000000, '653268324832', 4, 3),
(1776, 10000000, '395524907201', 4, 4),
(1777, 10000000, '348690327845', 4, 5),
(1778, 10000000, '585601009343', 5, 2),
(1779, 10000000, '421413693897', 5, 3),
(1780, 10000000, '340122328850', 5, 4),
(1781, 10000000, '126622767340', 5, 5),
(1782, 10000000, '356006869367', 6, 2),
(1783, 10000000, '743487723690', 6, 3),
(1784, 10000000, '920926430161', 6, 4),
(1785, 10000000, '104361921372', 6, 5),
(1786, 0, NULL, 1, 1),
(1787, 10000000, '952821672215', 91, 2),
(1788, 10000000, '095566045036', 91, 3),
(1789, 10000000, '454113608867', 91, 4),
(1790, 10000000, '420775411103', 91, 5),
(1791, 10000000, '269419781722', 3, 2),
(1792, 10000000, '149838814744', 3, 3),
(1793, 10000000, '735767798715', 3, 4),
(1794, 10000000, '077220601333', 3, 5),
(1795, 10000000, '914976098067', 4, 2),
(1796, 10000000, '840463551593', 4, 3),
(1797, 10000000, '938562960048', 4, 4),
(1798, 10000000, '305803114157', 4, 5),
(1799, 10000000, '979773459221', 5, 2),
(1800, 10000000, '911359416417', 5, 3),
(1801, 10000000, '375243893867', 5, 4),
(1802, 10000000, '864301429317', 5, 5),
(1803, 10000000, '960193252926', 6, 2),
(1804, 10000000, '829040751811', 6, 3),
(1805, 10000000, '694869778697', 6, 4),
(1806, 10000000, '409771307306', 6, 5),
(1807, 0, NULL, 1, 1),
(1808, 10000000, '734175800333', 92, 2),
(1809, 10000000, '621319798637', 92, 3),
(1810, 10000000, '593631512766', 92, 4),
(1811, 10000000, '741150578639', 92, 5),
(1812, 10000000, '510164814708', 3, 2),
(1813, 10000000, '666420833039', 3, 3),
(1814, 10000000, '009074650502', 3, 4),
(1815, 10000000, '833295629590', 3, 5),
(1816, 10000000, '842090821039', 4, 2),
(1817, 10000000, '707770455837', 4, 3),
(1818, 10000000, '016399603928', 4, 4),
(1819, 10000000, '016437233584', 4, 5),
(1820, 10000000, '052856928092', 5, 2),
(1821, 10000000, '756704794866', 5, 3),
(1822, 10000000, '542155557801', 5, 4),
(1823, 10000000, '265947284704', 5, 5),
(1824, 10000000, '793771722850', 6, 2),
(1825, 10000000, '406026665057', 6, 3),
(1826, 10000000, '093385127636', 6, 4),
(1827, 10000000, '463365247568', 6, 5),
(1828, 0, NULL, 1, 1),
(1829, 10000000, '503379963925', 93, 2),
(1830, 10000000, '110179911208', 93, 3),
(1831, 10000000, '674436422076', 93, 4),
(1832, 10000000, '698239987428', 93, 5),
(1833, 10000000, '793006667586', 3, 2),
(1834, 10000000, '112305257094', 3, 3),
(1835, 10000000, '251398920987', 3, 4),
(1836, 10000000, '943224451142', 3, 5),
(1837, 10000000, '197933884411', 4, 2),
(1838, 10000000, '960146824730', 4, 3),
(1839, 10000000, '258963554450', 4, 4),
(1840, 10000000, '664718211862', 4, 5),
(1841, 10000000, '873196646686', 5, 2),
(1842, 10000000, '859115549987', 5, 3),
(1843, 10000000, '766262086035', 5, 4),
(1844, 10000000, '453258538250', 5, 5),
(1845, 10000000, '476571652844', 6, 2),
(1846, 10000000, '414513196388', 6, 3),
(1847, 10000000, '182168830216', 6, 4),
(1848, 10000000, '714395735518', 6, 5),
(1849, 0, NULL, 1, 1),
(1850, 10000000, '507927197365', 94, 2),
(1851, 10000000, '157933175256', 94, 3),
(1852, 10000000, '009013882615', 94, 4),
(1853, 10000000, '436841051440', 94, 5),
(1854, 10000000, '692862021200', 3, 2),
(1855, 10000000, '792797153427', 3, 3),
(1856, 10000000, '441513097946', 3, 4),
(1857, 10000000, '123758138368', 3, 5),
(1858, 10000000, '595369231516', 4, 2),
(1859, 10000000, '073813890396', 4, 3),
(1860, 10000000, '152639419633', 4, 4),
(1861, 10000000, '272781857223', 4, 5),
(1862, 10000000, '472250296029', 5, 2),
(1863, 10000000, '512623971795', 5, 3),
(1864, 10000000, '108377258835', 5, 4),
(1865, 10000000, '617584764929', 5, 5),
(1866, 10000000, '768300108942', 6, 2),
(1867, 10000000, '746582308167', 6, 3),
(1868, 10000000, '743316614460', 6, 4),
(1869, 10000000, '415971680432', 6, 5),
(1870, 0, NULL, 1, 1),
(1871, 10000000, '088095293651', 95, 2),
(1872, 10000000, '601012847085', 95, 3),
(1873, 10000000, '421066404757', 95, 4),
(1874, 10000000, '461294994841', 95, 5),
(1875, 10000000, '673606131588', 3, 2),
(1876, 10000000, '648101452065', 3, 3),
(1877, 10000000, '420021088039', 3, 4),
(1878, 10000000, '458216524108', 3, 5),
(1879, 10000000, '711154328275', 4, 2),
(1880, 10000000, '830062705602', 4, 3),
(1881, 10000000, '477074966983', 4, 4),
(1882, 10000000, '725280854590', 4, 5),
(1883, 10000000, '746658381911', 5, 2),
(1884, 10000000, '593287971859', 5, 3),
(1885, 10000000, '597792219957', 5, 4),
(1886, 10000000, '394102761618', 5, 5),
(1887, 10000000, '790048550245', 6, 2),
(1888, 10000000, '768512811471', 6, 3),
(1889, 10000000, '526655163802', 6, 4),
(1890, 10000000, '612164346216', 6, 5),
(1891, 0, NULL, 1, 1),
(1892, 10000000, '530648261493', 96, 2),
(1893, 10000000, '778871950132', 96, 3),
(1894, 10000000, '571416869045', 96, 4),
(1895, 10000000, '245857073510', 96, 5),
(1896, 10000000, '204683982696', 3, 2),
(1897, 10000000, '735532049671', 3, 3),
(1898, 10000000, '590149148986', 3, 4),
(1899, 10000000, '570092565402', 3, 5),
(1900, 10000000, '255739362012', 4, 2),
(1901, 10000000, '154751163139', 4, 3),
(1902, 10000000, '502477581762', 4, 4),
(1903, 10000000, '496261041564', 4, 5),
(1904, 10000000, '931733462879', 5, 2),
(1905, 10000000, '973225920004', 5, 3),
(1906, 10000000, '398016850251', 5, 4),
(1907, 10000000, '917525035533', 5, 5),
(1908, 10000000, '427392747621', 6, 2),
(1909, 10000000, '791539276529', 6, 3),
(1910, 10000000, '659064757293', 6, 4),
(1911, 10000000, '070147989397', 6, 5),
(1912, 0, NULL, 1, 1),
(1913, 10000000, '244678471509', 97, 2),
(1914, 10000000, '508827427826', 97, 3),
(1915, 10000000, '326826567640', 97, 4),
(1916, 10000000, '418771946180', 97, 5),
(1917, 10000000, '470099278915', 3, 2),
(1918, 10000000, '096997813367', 3, 3),
(1919, 10000000, '399290747609', 3, 4),
(1920, 10000000, '945567932052', 3, 5),
(1921, 10000000, '721511411942', 4, 2),
(1922, 10000000, '841405447835', 4, 3),
(1923, 10000000, '277087244854', 4, 4),
(1924, 10000000, '414902749107', 4, 5),
(1925, 10000000, '984441913243', 5, 2),
(1926, 10000000, '375398697685', 5, 3),
(1927, 10000000, '442539987269', 5, 4),
(1928, 10000000, '146754338961', 5, 5),
(1929, 10000000, '332692106382', 6, 2),
(1930, 10000000, '259906538217', 6, 3),
(1931, 10000000, '595084253481', 6, 4),
(1932, 10000000, '104266730401', 6, 5),
(1933, 0, NULL, 1, 1),
(1934, 10000000, '480360296065', 98, 2),
(1935, 10000000, '530389851848', 98, 3),
(1936, 10000000, '195605794034', 98, 4),
(1937, 10000000, '737842716242', 98, 5),
(1938, 10000000, '650108395594', 3, 2),
(1939, 10000000, '156595001860', 3, 3),
(1940, 10000000, '873901910885', 3, 4),
(1941, 10000000, '110322295830', 3, 5),
(1942, 10000000, '133107191132', 4, 2),
(1943, 10000000, '710125410006', 4, 3),
(1944, 10000000, '608430231034', 4, 4),
(1945, 10000000, '741068985002', 4, 5),
(1946, 10000000, '685912589390', 5, 2),
(1947, 10000000, '352609813711', 5, 3),
(1948, 10000000, '132326670345', 5, 4),
(1949, 10000000, '051600814809', 5, 5),
(1950, 10000000, '723854241611', 6, 2),
(1951, 10000000, '824021266481', 6, 3),
(1952, 10000000, '359110312307', 6, 4),
(1953, 10000000, '249895759133', 6, 5),
(1954, 0, NULL, 1, 1),
(1955, 10000000, '281912541272', 99, 2),
(1956, 10000000, '912917565808', 99, 3),
(1957, 10000000, '931514055361', 99, 4),
(1958, 10000000, '626255927144', 99, 5),
(1959, 10000000, '104531556223', 3, 2),
(1960, 10000000, '484986023650', 3, 3),
(1961, 10000000, '042439137022', 3, 4),
(1962, 10000000, '059446030937', 3, 5),
(1963, 10000000, '710019542136', 4, 2),
(1964, 10000000, '714411487023', 4, 3),
(1965, 10000000, '970358419096', 4, 4),
(1966, 10000000, '823715352073', 4, 5),
(1967, 10000000, '465012978980', 5, 2),
(1968, 10000000, '074060744405', 5, 3),
(1969, 10000000, '656239763675', 5, 4),
(1970, 10000000, '336875372966', 5, 5),
(1971, 10000000, '958796121322', 6, 2),
(1972, 10000000, '597262055466', 6, 3),
(1973, 10000000, '232342699923', 6, 4),
(1974, 10000000, '036921652735', 6, 5),
(1975, 0, NULL, 1, 1),
(1976, 10000000, '387115971656', 100, 2),
(1977, 10000000, '410672334159', 100, 3),
(1978, 10000000, '278638898373', 100, 4),
(1979, 10000000, '448566161728', 100, 5),
(1980, 10000000, '694829914866', 3, 2),
(1981, 10000000, '843125951925', 3, 3),
(1982, 10000000, '045287032187', 3, 4),
(1983, 10000000, '418379273737', 3, 5),
(1984, 10000000, '556315634463', 4, 2),
(1985, 10000000, '393749175523', 4, 3),
(1986, 10000000, '680304899576', 4, 4),
(1987, 10000000, '210181325818', 4, 5),
(1988, 10000000, '562660081158', 5, 2),
(1989, 10000000, '860995549654', 5, 3),
(1990, 10000000, '319645676508', 5, 4),
(1991, 10000000, '675476939684', 5, 5),
(1992, 10000000, '633829407256', 6, 2),
(1993, 10000000, '189215316460', 6, 3),
(1994, 10000000, '474362688387', 6, 4),
(1995, 10000000, '004828798938', 6, 5),
(1996, 0, NULL, 1, 1),
(1997, 10000000, '721865070525', 101, 2),
(1998, 10000000, '688187427380', 101, 3),
(1999, 10000000, '686485843129', 101, 4),
(2000, 10000000, '584413513206', 101, 5),
(2001, 10000000, '375686914552', 3, 2),
(2002, 10000000, '426950457219', 3, 3),
(2003, 10000000, '995102665607', 3, 4),
(2004, 10000000, '152077233663', 3, 5),
(2005, 10000000, '334059281850', 4, 2),
(2006, 10000000, '838350795443', 4, 3),
(2007, 10000000, '419162896226', 4, 4),
(2008, 10000000, '151770284020', 4, 5),
(2009, 10000000, '182129609352', 5, 2),
(2010, 10000000, '295966120530', 5, 3),
(2011, 10000000, '433339154635', 5, 4),
(2012, 10000000, '057575664069', 5, 5),
(2013, 10000000, '244265137212', 6, 2),
(2014, 10000000, '686103092400', 6, 3),
(2015, 10000000, '762323824308', 6, 4),
(2016, 10000000, '981084780631', 6, 5),
(2017, 0, NULL, 1, 1),
(2018, 10000000, '823820092214', 102, 2),
(2019, 10000000, '416925295734', 102, 3),
(2020, 10000000, '495642231805', 102, 4),
(2021, 10000000, '190776156983', 102, 5),
(2022, 10000000, '787627019632', 3, 2),
(2023, 10000000, '718766058040', 3, 3),
(2024, 10000000, '627942397061', 3, 4),
(2025, 10000000, '237887536524', 3, 5),
(2026, 10000000, '232081540532', 4, 2),
(2027, 10000000, '092378528057', 4, 3),
(2028, 10000000, '440181153205', 4, 4),
(2029, 10000000, '801640094773', 4, 5),
(2030, 10000000, '575827977257', 5, 2),
(2031, 10000000, '589927988681', 5, 3),
(2032, 10000000, '094779578386', 5, 4),
(2033, 10000000, '024561022204', 5, 5),
(2034, 10000000, '041555856490', 6, 2),
(2035, 10000000, '222579349162', 6, 3),
(2036, 10000000, '130821704149', 6, 4),
(2037, 10000000, '182857974527', 6, 5),
(2038, 0, NULL, 1, 1),
(2039, 10000000, '430916874978', 103, 2),
(2040, 10000000, '531904141032', 103, 3),
(2041, 10000000, '721751007577', 103, 4),
(2042, 10000000, '307430477488', 103, 5),
(2043, 10000000, '787464710939', 3, 2),
(2044, 10000000, '379363078354', 3, 3),
(2045, 10000000, '911684937328', 3, 4),
(2046, 10000000, '761114291296', 3, 5),
(2047, 10000000, '486438093606', 4, 2),
(2048, 10000000, '228611442717', 4, 3),
(2049, 10000000, '928567921963', 4, 4),
(2050, 10000000, '735627991926', 4, 5),
(2051, 10000000, '323513360037', 5, 2),
(2052, 10000000, '386477787315', 5, 3),
(2053, 10000000, '063656105641', 5, 4),
(2054, 10000000, '722914993116', 5, 5),
(2055, 10000000, '824956024224', 6, 2),
(2056, 10000000, '402560311696', 6, 3),
(2057, 10000000, '519549876833', 6, 4),
(2058, 10000000, '517758494190', 6, 5),
(2059, 0, NULL, 1, 1),
(2060, 10000000, '837625126947', 104, 2),
(2061, 10000000, '200177658878', 104, 3),
(2062, 10000000, '072785059938', 104, 4),
(2063, 10000000, '034301504122', 104, 5),
(2064, 10000000, '725804015319', 3, 2),
(2065, 10000000, '555720221108', 3, 3),
(2066, 10000000, '840146857171', 3, 4),
(2067, 10000000, '413417063282', 3, 5),
(2068, 10000000, '680363589866', 4, 2),
(2069, 10000000, '967828135210', 4, 3),
(2070, 10000000, '573016082375', 4, 4),
(2071, 10000000, '976174343719', 4, 5),
(2072, 10000000, '252339559578', 5, 2),
(2073, 10000000, '851609800320', 5, 3),
(2074, 10000000, '282585895056', 5, 4),
(2075, 10000000, '839188580371', 5, 5),
(2076, 10000000, '781102130547', 6, 2),
(2077, 10000000, '278839894270', 6, 3),
(2078, 10000000, '405779103360', 6, 4),
(2079, 10000000, '102294093392', 6, 5),
(2080, 0, NULL, 1, 1),
(2081, 10000000, '224681875942', 105, 2),
(2082, 10000000, '055216963699', 105, 3),
(2083, 10000000, '837141630365', 105, 4),
(2084, 10000000, '486677236595', 105, 5),
(2085, 10000000, '040179832960', 3, 2),
(2086, 10000000, '453053482186', 3, 3),
(2087, 10000000, '981124369222', 3, 4),
(2088, 10000000, '136164965418', 3, 5),
(2089, 10000000, '544718239053', 4, 2),
(2090, 10000000, '768138080505', 4, 3),
(2091, 10000000, '330083195233', 4, 4),
(2092, 10000000, '247247580089', 4, 5),
(2093, 10000000, '654105555743', 5, 2),
(2094, 10000000, '714174111189', 5, 3),
(2095, 10000000, '900469699994', 5, 4),
(2096, 10000000, '638376718850', 5, 5),
(2097, 10000000, '431550366229', 6, 2),
(2098, 10000000, '023628105067', 6, 3),
(2099, 10000000, '813299070365', 6, 4),
(2100, 10000000, '508653079898', 6, 5),
(2101, 0, NULL, 1, 1),
(2102, 10000000, '078930215686', 106, 2),
(2103, 10000000, '774103769136', 106, 3),
(2104, 10000000, '696263635957', 106, 4),
(2105, 10000000, '892797375635', 106, 5),
(2106, 10000000, '159678172606', 3, 2),
(2107, 10000000, '513094956005', 3, 3),
(2108, 10000000, '910819446373', 3, 4),
(2109, 10000000, '245322115565', 3, 5),
(2110, 10000000, '518466939928', 4, 2),
(2111, 10000000, '009101221418', 4, 3),
(2112, 10000000, '441189968438', 4, 4),
(2113, 10000000, '937538824087', 4, 5),
(2114, 10000000, '783891411040', 5, 2),
(2115, 10000000, '394224281608', 5, 3),
(2116, 10000000, '710292873734', 5, 4),
(2117, 10000000, '231581898300', 5, 5),
(2118, 10000000, '633575904594', 6, 2),
(2119, 10000000, '576598721827', 6, 3),
(2120, 10000000, '609043404169', 6, 4),
(2121, 10000000, '437743325579', 6, 5),
(2122, 0, NULL, 1, 1),
(2123, 10000000, '622408682892', 107, 2),
(2124, 10000000, '854783430856', 107, 3),
(2125, 10000000, '894275395650', 107, 4),
(2126, 10000000, '189952653411', 107, 5),
(2127, 10000000, '944249895569', 3, 2),
(2128, 10000000, '331364759441', 3, 3),
(2129, 10000000, '774548621779', 3, 4),
(2130, 10000000, '822940366027', 3, 5),
(2131, 10000000, '529749403035', 4, 2),
(2132, 10000000, '179748370723', 4, 3),
(2133, 10000000, '133076206633', 4, 4),
(2134, 10000000, '885098888783', 4, 5),
(2135, 10000000, '164783409650', 5, 2),
(2136, 10000000, '587331742475', 5, 3),
(2137, 10000000, '855479421998', 5, 4),
(2138, 10000000, '290544417339', 5, 5),
(2139, 10000000, '742810250558', 6, 2),
(2140, 10000000, '087260842602', 6, 3),
(2141, 10000000, '191886824329', 6, 4),
(2142, 10000000, '540337121223', 6, 5),
(2143, 0, NULL, 1, 1),
(2144, 10000000, '160637049075', 108, 2),
(2145, 10000000, '498787816889', 108, 3),
(2146, 10000000, '579550427876', 108, 4),
(2147, 10000000, '912461901213', 108, 5),
(2148, 10000000, '137055588453', 3, 2),
(2149, 10000000, '516149567591', 3, 3),
(2150, 10000000, '485242073747', 3, 4),
(2151, 10000000, '107127278490', 3, 5),
(2152, 10000000, '114250279566', 4, 2),
(2153, 10000000, '462477830228', 4, 3),
(2154, 10000000, '108071082220', 4, 4),
(2155, 10000000, '456580950383', 4, 5),
(2156, 10000000, '313612546885', 5, 2),
(2157, 10000000, '752449898079', 5, 3),
(2158, 10000000, '499387138042', 5, 4),
(2159, 10000000, '455660396741', 5, 5),
(2160, 10000000, '498702260910', 6, 2),
(2161, 10000000, '497660580065', 6, 3),
(2162, 10000000, '044168795368', 6, 4),
(2163, 10000000, '106292013946', 6, 5),
(2164, 0, NULL, 1, 1),
(2165, 10000000, '422904080675', 109, 2),
(2166, 10000000, '037072007392', 109, 3),
(2167, 10000000, '285690064822', 109, 4),
(2168, 10000000, '422609805533', 109, 5),
(2169, 10000000, '854145533482', 3, 2),
(2170, 10000000, '361645297468', 3, 3),
(2171, 10000000, '033947500222', 3, 4),
(2172, 10000000, '357643218252', 3, 5),
(2173, 10000000, '089936866456', 4, 2),
(2174, 10000000, '802647528175', 4, 3),
(2175, 10000000, '021796987033', 4, 4),
(2176, 10000000, '818558299700', 4, 5),
(2177, 10000000, '575218845792', 5, 2),
(2178, 10000000, '753383144839', 5, 3),
(2179, 10000000, '856991346557', 5, 4),
(2180, 10000000, '522583283056', 5, 5),
(2181, 10000000, '755437926781', 6, 2),
(2182, 10000000, '728317256523', 6, 3),
(2183, 10000000, '679656389609', 6, 4),
(2184, 10000000, '415536493960', 6, 5),
(2185, 0, NULL, 1, 1),
(2186, 10000000, '753547604055', 110, 2),
(2187, 10000000, '706358157641', 110, 3),
(2188, 10000000, '181924688968', 110, 4),
(2189, 10000000, '106138526776', 110, 5),
(2190, 10000000, '123133104060', 3, 2),
(2191, 10000000, '042014793719', 3, 3),
(2192, 10000000, '888194548528', 3, 4),
(2193, 10000000, '784805745710', 3, 5),
(2194, 10000000, '830181962307', 4, 2),
(2195, 10000000, '869536126937', 4, 3),
(2196, 10000000, '087076957645', 4, 4),
(2197, 10000000, '034211477323', 4, 5),
(2198, 10000000, '019884594937', 5, 2),
(2199, 10000000, '574884273952', 5, 3),
(2200, 10000000, '696218867762', 5, 4),
(2201, 10000000, '837878892433', 5, 5),
(2202, 10000000, '825198834060', 6, 2),
(2203, 10000000, '507567223533', 6, 3),
(2204, 10000000, '950735573476', 6, 4),
(2205, 10000000, '702153774450', 6, 5),
(2206, 0, NULL, 1, 1),
(2207, 10000000, '318452985651', 111, 2),
(2208, 10000000, '380801518496', 111, 3),
(2209, 10000000, '898357471925', 111, 4),
(2210, 10000000, '010207514240', 111, 5),
(2211, 10000000, '090590124946', 3, 2),
(2212, 10000000, '521071304785', 3, 3),
(2213, 10000000, '718771308282', 3, 4),
(2214, 10000000, '995951965638', 3, 5),
(2215, 10000000, '071613903339', 4, 2),
(2216, 10000000, '962691650541', 4, 3),
(2217, 10000000, '677269382931', 4, 4),
(2218, 10000000, '416048507577', 4, 5),
(2219, 10000000, '611726335045', 5, 2),
(2220, 10000000, '880716987463', 5, 3),
(2221, 10000000, '702616708283', 5, 4),
(2222, 10000000, '509389331753', 5, 5),
(2223, 10000000, '022090168159', 6, 2),
(2224, 10000000, '041225326864', 6, 3),
(2225, 10000000, '329555679733', 6, 4),
(2226, 10000000, '144491404755', 6, 5),
(2227, 0, NULL, 1, 1),
(2228, 10000000, '155749231299', 112, 2),
(2229, 10000000, '902169338563', 112, 3),
(2230, 10000000, '270654389611', 112, 4),
(2231, 10000000, '731680488852', 112, 5),
(2232, 10000000, '871970462779', 3, 2),
(2233, 10000000, '984195970702', 3, 3),
(2234, 10000000, '454126150271', 3, 4),
(2235, 10000000, '691961927213', 3, 5),
(2236, 10000000, '923910163536', 4, 2),
(2237, 10000000, '649148849600', 4, 3),
(2238, 10000000, '763232575232', 4, 4),
(2239, 10000000, '404253065478', 4, 5),
(2240, 10000000, '381442840891', 5, 2),
(2241, 10000000, '415566639246', 5, 3),
(2242, 10000000, '650525836731', 5, 4),
(2243, 10000000, '900648277999', 5, 5),
(2244, 10000000, '039274257393', 6, 2),
(2245, 10000000, '212736615705', 6, 3),
(2246, 10000000, '279442108460', 6, 4),
(2247, 10000000, '942073959973', 6, 5),
(2248, 0, NULL, 1, 1),
(2249, 10000000, '326812245555', 113, 2),
(2250, 10000000, '322375695601', 113, 3),
(2251, 10000000, '820516145129', 113, 4),
(2252, 10000000, '610985501452', 113, 5),
(2253, 10000000, '916876725201', 3, 2),
(2254, 10000000, '835824055595', 3, 3),
(2255, 10000000, '258842611297', 3, 4),
(2256, 10000000, '569256901243', 3, 5),
(2257, 10000000, '932518969383', 4, 2),
(2258, 10000000, '852363993394', 4, 3),
(2259, 10000000, '807980016238', 4, 4),
(2260, 10000000, '842980917577', 4, 5),
(2261, 10000000, '563191177139', 5, 2),
(2262, 10000000, '896353241782', 5, 3),
(2263, 10000000, '600379584935', 5, 4),
(2264, 10000000, '037216750027', 5, 5),
(2265, 10000000, '041697684310', 6, 2),
(2266, 10000000, '720319485821', 6, 3),
(2267, 10000000, '774920576354', 6, 4),
(2268, 10000000, '335843607397', 6, 5),
(2269, 0, NULL, 1, 1),
(2270, 10000000, '884128107783', 114, 2),
(2271, 10000000, '823725331764', 114, 3),
(2272, 10000000, '284394010269', 114, 4),
(2273, 10000000, '081579910495', 114, 5),
(2274, 10000000, '955056541680', 3, 2),
(2275, 10000000, '014390351775', 3, 3),
(2276, 10000000, '874173589692', 3, 4),
(2277, 10000000, '116027831783', 3, 5),
(2278, 10000000, '371731946143', 4, 2),
(2279, 10000000, '675802806351', 4, 3),
(2280, 10000000, '586808099189', 4, 4),
(2281, 10000000, '328480738770', 4, 5),
(2282, 10000000, '128686823564', 5, 2),
(2283, 10000000, '838231299665', 5, 3),
(2284, 10000000, '930880676980', 5, 4),
(2285, 10000000, '502362373626', 5, 5),
(2286, 10000000, '640513582107', 6, 2),
(2287, 10000000, '801001771085', 6, 3),
(2288, 10000000, '755514717743', 6, 4),
(2289, 10000000, '075669946376', 6, 5),
(2290, 0, NULL, 1, 1),
(2291, 10000000, '612827456328', 115, 2),
(2292, 10000000, '816830748566', 115, 3),
(2293, 10000000, '820283503385', 115, 4),
(2294, 10000000, '504102376013', 115, 5),
(2295, 10000000, '433581063658', 3, 2),
(2296, 10000000, '778475467415', 3, 3),
(2297, 10000000, '590157613905', 3, 4),
(2298, 10000000, '681577169050', 3, 5),
(2299, 10000000, '384323690557', 4, 2),
(2300, 10000000, '966504909119', 4, 3),
(2301, 10000000, '039016614095', 4, 4),
(2302, 10000000, '653525962130', 4, 5),
(2303, 10000000, '173661309853', 5, 2),
(2304, 10000000, '129474036505', 5, 3),
(2305, 10000000, '004680948103', 5, 4),
(2306, 10000000, '504122707978', 5, 5),
(2307, 10000000, '590897769653', 6, 2),
(2308, 10000000, '293493462821', 6, 3),
(2309, 10000000, '529513561982', 6, 4),
(2310, 10000000, '259738896448', 6, 5),
(2311, 0, NULL, 1, 1),
(2312, 10000000, '585980608814', 116, 2),
(2313, 10000000, '320826020237', 116, 3),
(2314, 10000000, '370941025033', 116, 4),
(2315, 10000000, '316393201323', 116, 5),
(2316, 10000000, '248823153156', 3, 2),
(2317, 10000000, '354800510560', 3, 3),
(2318, 10000000, '913721976034', 3, 4),
(2319, 10000000, '927782565657', 3, 5),
(2320, 10000000, '959678621845', 4, 2),
(2321, 10000000, '495418258744', 4, 3),
(2322, 10000000, '964315390786', 4, 4),
(2323, 10000000, '953783592882', 4, 5),
(2324, 10000000, '799896210622', 5, 2),
(2325, 10000000, '670440041898', 5, 3),
(2326, 10000000, '934451338253', 5, 4),
(2327, 10000000, '325369323787', 5, 5),
(2328, 10000000, '478715023152', 6, 2),
(2329, 10000000, '149701774628', 6, 3),
(2330, 10000000, '847829820287', 6, 4),
(2331, 10000000, '958861425803', 6, 5),
(2332, 0, NULL, 1, 1),
(2333, 10000000, '971449061320', 117, 2),
(2334, 10000000, '243213440759', 117, 3),
(2335, 10000000, '177383233260', 117, 4),
(2336, 10000000, '696082163101', 117, 5),
(2337, 10000000, '656493805247', 3, 2),
(2338, 10000000, '358449276790', 3, 3),
(2339, 10000000, '218050578272', 3, 4),
(2340, 10000000, '489898998101', 3, 5),
(2341, 10000000, '679038865908', 4, 2),
(2342, 10000000, '422834200461', 4, 3),
(2343, 10000000, '132483870231', 4, 4),
(2344, 10000000, '434844734090', 4, 5),
(2345, 10000000, '026493050679', 5, 2),
(2346, 10000000, '107101647909', 5, 3),
(2347, 10000000, '626108808589', 5, 4),
(2348, 10000000, '206079905260', 5, 5),
(2349, 10000000, '165160009466', 6, 2),
(2350, 10000000, '609115977070', 6, 3),
(2351, 10000000, '176709009962', 6, 4),
(2352, 10000000, '449722102692', 6, 5),
(2353, 0, NULL, 1, 1),
(2354, 10000000, '576622338407', 118, 2),
(2355, 10000000, '472209976298', 118, 3),
(2356, 10000000, '285335563909', 118, 4),
(2357, 10000000, '293916910807', 118, 5),
(2358, 10000000, '779064555336', 3, 2),
(2359, 10000000, '108278912981', 3, 3),
(2360, 10000000, '887253927725', 3, 4),
(2361, 10000000, '698417260596', 3, 5),
(2362, 10000000, '233333338024', 4, 2),
(2363, 10000000, '267069307173', 4, 3),
(2364, 10000000, '292003633955', 4, 4),
(2365, 10000000, '944373681186', 4, 5),
(2366, 10000000, '641300021176', 5, 2),
(2367, 10000000, '205663517662', 5, 3),
(2368, 10000000, '961555060319', 5, 4),
(2369, 10000000, '092999275982', 5, 5),
(2370, 10000000, '739396528803', 6, 2),
(2371, 10000000, '958323596697', 6, 3),
(2372, 10000000, '719934773924', 6, 4),
(2373, 10000000, '875166511745', 6, 5),
(2374, 0, NULL, 1, 1),
(2375, 10000000, '358893465426', 119, 2),
(2376, 10000000, '932317527809', 119, 3),
(2377, 10000000, '824141111652', 119, 4),
(2378, 10000000, '041776632166', 119, 5),
(2379, 10000000, '865967624099', 3, 2),
(2380, 10000000, '559536163105', 3, 3),
(2381, 10000000, '872987861845', 3, 4),
(2382, 10000000, '619415824152', 3, 5),
(2383, 10000000, '624362592002', 4, 2),
(2384, 10000000, '416545154143', 4, 3),
(2385, 10000000, '942005383678', 4, 4),
(2386, 10000000, '237389417746', 4, 5),
(2387, 10000000, '586730800372', 5, 2),
(2388, 10000000, '817443042008', 5, 3),
(2389, 10000000, '540234525287', 5, 4),
(2390, 10000000, '680353848493', 5, 5),
(2391, 10000000, '887622380053', 6, 2),
(2392, 10000000, '063512686812', 6, 3),
(2393, 10000000, '387520028788', 6, 4),
(2394, 10000000, '144785346724', 6, 5),
(2395, 0, NULL, 1, 1),
(2396, 10000000, '095150256815', 120, 2),
(2397, 10000000, '523697884432', 120, 3),
(2398, 10000000, '789063536962', 120, 4),
(2399, 10000000, '555217431589', 120, 5),
(2400, 10000000, '957156055874', 3, 2),
(2401, 10000000, '472225638694', 3, 3),
(2402, 10000000, '734922911280', 3, 4),
(2403, 10000000, '186712119506', 3, 5),
(2404, 10000000, '915879186332', 4, 2),
(2405, 10000000, '366286436571', 4, 3),
(2406, 10000000, '957450765649', 4, 4),
(2407, 10000000, '183064539806', 4, 5),
(2408, 10000000, '837767557111', 5, 2),
(2409, 10000000, '529577735270', 5, 3),
(2410, 10000000, '962801193394', 5, 4),
(2411, 10000000, '031335381254', 5, 5),
(2412, 10000000, '653673142109', 6, 2),
(2413, 10000000, '606116080715', 6, 3),
(2414, 10000000, '742176034665', 6, 4),
(2415, 10000000, '489572473014', 6, 5),
(2416, 0, NULL, 1, 1),
(2417, 10000000, '566824489571', 121, 2),
(2418, 10000000, '372050083426', 121, 3),
(2419, 10000000, '213191808815', 121, 4),
(2420, 10000000, '917510169289', 121, 5),
(2421, 10000000, '770036993339', 3, 2),
(2422, 10000000, '140909343271', 3, 3),
(2423, 10000000, '713801573196', 3, 4),
(2424, 10000000, '113473177709', 3, 5),
(2425, 10000000, '026633959039', 4, 2),
(2426, 10000000, '570050228630', 4, 3),
(2427, 10000000, '702787850743', 4, 4),
(2428, 10000000, '066947061898', 4, 5),
(2429, 10000000, '813708884170', 5, 2),
(2430, 10000000, '477803083582', 5, 3),
(2431, 10000000, '858981326618', 5, 4),
(2432, 10000000, '345371904392', 5, 5),
(2433, 10000000, '869216978683', 6, 2),
(2434, 10000000, '584345733767', 6, 3),
(2435, 10000000, '041439719408', 6, 4),
(2436, 10000000, '927408516871', 6, 5),
(2437, 0, NULL, 1, 1),
(2438, 10000000, '850478061197', 122, 2),
(2439, 10000000, '895716897442', 122, 3),
(2440, 10000000, '987064211526', 122, 4),
(2441, 10000000, '259019503267', 122, 5),
(2442, 10000000, '899207828438', 3, 2),
(2443, 10000000, '964919321405', 3, 3),
(2444, 10000000, '836895101979', 3, 4),
(2445, 10000000, '572058187961', 3, 5),
(2446, 10000000, '845108971633', 4, 2),
(2447, 10000000, '011880555513', 4, 3),
(2448, 10000000, '714926421344', 4, 4),
(2449, 10000000, '569880912366', 4, 5),
(2450, 10000000, '975485282512', 5, 2),
(2451, 10000000, '917359577979', 5, 3),
(2452, 10000000, '828546028474', 5, 4),
(2453, 10000000, '031076625473', 5, 5),
(2454, 10000000, '034621553307', 6, 2),
(2455, 10000000, '092671266266', 6, 3),
(2456, 10000000, '819284449342', 6, 4),
(2457, 10000000, '478820906701', 6, 5),
(2458, 0, NULL, 1, 1),
(2459, 10000000, '246698539453', 123, 2),
(2460, 10000000, '816666835567', 123, 3),
(2461, 10000000, '229452742098', 123, 4),
(2462, 10000000, '751478973185', 123, 5),
(2463, 10000000, '148201405220', 3, 2),
(2464, 10000000, '532386276838', 3, 3),
(2465, 10000000, '181643067222', 3, 4),
(2466, 10000000, '545645032552', 3, 5),
(2467, 10000000, '902527958812', 4, 2),
(2468, 10000000, '623463839659', 4, 3),
(2469, 10000000, '633376436976', 4, 4),
(2470, 10000000, '972198430947', 4, 5),
(2471, 10000000, '866336561387', 5, 2),
(2472, 10000000, '251719315454', 5, 3),
(2473, 10000000, '452565340996', 5, 4),
(2474, 10000000, '894420924030', 5, 5),
(2475, 10000000, '112407592676', 6, 2),
(2476, 10000000, '177772791995', 6, 3),
(2477, 10000000, '847953316264', 6, 4),
(2478, 10000000, '193785290606', 6, 5),
(2479, 0, NULL, 1, 1),
(2480, 10000000, '756753970459', 124, 2),
(2481, 10000000, '807005414603', 124, 3),
(2482, 10000000, '298538030252', 124, 4),
(2483, 10000000, '452388751654', 124, 5),
(2484, 10000000, '677219750231', 3, 2),
(2485, 10000000, '709471045040', 3, 3),
(2486, 10000000, '363066170451', 3, 4),
(2487, 10000000, '439926226235', 3, 5),
(2488, 10000000, '188094927550', 4, 2),
(2489, 10000000, '641226784950', 4, 3),
(2490, 10000000, '986149234323', 4, 4),
(2491, 10000000, '445203817540', 4, 5),
(2492, 10000000, '349011929555', 5, 2),
(2493, 10000000, '522519479209', 5, 3),
(2494, 10000000, '159715305971', 5, 4),
(2495, 10000000, '250961072982', 5, 5),
(2496, 10000000, '545378121555', 6, 2),
(2497, 10000000, '259707962604', 6, 3),
(2498, 10000000, '036662973591', 6, 4),
(2499, 10000000, '353542870018', 6, 5),
(2500, 0, NULL, 1, 1),
(2501, 10000000, '419375735659', 125, 2),
(2502, 10000000, '407163285375', 125, 3),
(2503, 10000000, '771199132302', 125, 4),
(2504, 10000000, '313019254088', 125, 5),
(2505, 10000000, '340454420985', 3, 2),
(2506, 10000000, '581590982106', 3, 3),
(2507, 10000000, '881765642880', 3, 4),
(2508, 10000000, '645154984120', 3, 5),
(2509, 10000000, '115158794184', 4, 2),
(2510, 10000000, '246827407129', 4, 3),
(2511, 10000000, '224283896613', 4, 4),
(2512, 10000000, '519789132567', 4, 5),
(2513, 10000000, '036383211174', 5, 2),
(2514, 10000000, '849090835084', 5, 3),
(2515, 10000000, '480795403150', 5, 4),
(2516, 10000000, '624019207604', 5, 5),
(2517, 10000000, '806132190026', 6, 2),
(2518, 10000000, '248033934783', 6, 3),
(2519, 10000000, '144438735799', 6, 4),
(2520, 10000000, '892483064941', 6, 5),
(2521, 0, NULL, 1, 1),
(2522, 10000000, '987188312216', 126, 2),
(2523, 10000000, '063464260040', 126, 3),
(2524, 10000000, '491504875607', 126, 4),
(2525, 10000000, '019257441407', 126, 5),
(2526, 10000000, '802606325599', 3, 2),
(2527, 10000000, '047287182347', 3, 3),
(2528, 10000000, '419138840390', 3, 4),
(2529, 10000000, '638607803146', 3, 5),
(2530, 10000000, '939324241649', 4, 2),
(2531, 10000000, '143044254609', 4, 3),
(2532, 10000000, '813351088250', 4, 4),
(2533, 10000000, '355566113305', 4, 5),
(2534, 10000000, '957545257044', 5, 2),
(2535, 10000000, '705923239584', 5, 3),
(2536, 10000000, '582218895752', 5, 4),
(2537, 10000000, '701884898889', 5, 5),
(2538, 10000000, '663918414507', 6, 2),
(2539, 10000000, '156062539292', 6, 3),
(2540, 10000000, '180470148370', 6, 4),
(2541, 10000000, '182359707841', 6, 5),
(2542, 0, NULL, 1, 1),
(2543, 10000000, '582876705600', 127, 2),
(2544, 10000000, '732004791935', 127, 3),
(2545, 10000000, '437590202508', 127, 4),
(2546, 10000000, '337938562813', 127, 5),
(2547, 10000000, '204398977907', 3, 2),
(2548, 10000000, '271584407874', 3, 3),
(2549, 10000000, '550253109426', 3, 4),
(2550, 10000000, '723517864729', 3, 5),
(2551, 10000000, '631174854805', 4, 2),
(2552, 10000000, '679322181348', 4, 3),
(2553, 10000000, '194847166499', 4, 4),
(2554, 10000000, '365399453754', 4, 5),
(2555, 10000000, '871037546068', 5, 2),
(2556, 10000000, '002996076205', 5, 3),
(2557, 10000000, '886222078432', 5, 4),
(2558, 10000000, '839700700575', 5, 5),
(2559, 10000000, '022499886371', 6, 2),
(2560, 10000000, '316534970923', 6, 3),
(2561, 10000000, '699637549102', 6, 4),
(2562, 10000000, '513238784076', 6, 5),
(2563, 0, NULL, 1, 1),
(2564, 10000000, '278996811943', 128, 2),
(2565, 10000000, '065008304179', 128, 3),
(2566, 10000000, '809885397383', 128, 4),
(2567, 10000000, '284215283120', 128, 5),
(2568, 10000000, '959139748926', 3, 2),
(2569, 10000000, '116357838905', 3, 3),
(2570, 10000000, '632581723088', 3, 4),
(2571, 10000000, '759114287630', 3, 5),
(2572, 10000000, '938164969602', 4, 2),
(2573, 10000000, '563244353110', 4, 3),
(2574, 10000000, '060391133448', 4, 4),
(2575, 10000000, '463263896804', 4, 5),
(2576, 10000000, '022773999795', 5, 2),
(2577, 10000000, '977898190070', 5, 3),
(2578, 10000000, '858348414702', 5, 4),
(2579, 10000000, '949522103663', 5, 5),
(2580, 10000000, '885753246218', 6, 2),
(2581, 10000000, '847157630495', 6, 3),
(2582, 10000000, '410228939326', 6, 4),
(2583, 10000000, '992711936066', 6, 5),
(2584, 0, NULL, 1, 1),
(2585, 10000000, '399827951616', 129, 2),
(2586, 10000000, '300004421699', 129, 3),
(2587, 10000000, '303004292769', 129, 4),
(2588, 10000000, '752158239407', 129, 5),
(2589, 10000000, '723240585020', 3, 2),
(2590, 10000000, '491040880032', 3, 3),
(2591, 10000000, '682118673407', 3, 4),
(2592, 10000000, '891656255029', 3, 5),
(2593, 10000000, '294625063150', 4, 2),
(2594, 10000000, '212520879174', 4, 3),
(2595, 10000000, '939271113742', 4, 4),
(2596, 10000000, '827871860318', 4, 5),
(2597, 10000000, '772679237885', 5, 2),
(2598, 10000000, '441252749970', 5, 3),
(2599, 10000000, '011197170002', 5, 4),
(2600, 10000000, '163598154256', 5, 5),
(2601, 10000000, '125288150132', 6, 2),
(2602, 10000000, '407181752207', 6, 3),
(2603, 10000000, '942625149262', 6, 4),
(2604, 10000000, '259184295362', 6, 5),
(2605, 0, NULL, 1, 1),
(2606, 10000000, '660931292215', 130, 2),
(2607, 10000000, '858965346133', 130, 3),
(2608, 10000000, '890303654000', 130, 4),
(2609, 10000000, '646473005556', 130, 5),
(2610, 10000000, '063795995273', 3, 2),
(2611, 10000000, '548803718827', 3, 3),
(2612, 10000000, '897497755310', 3, 4),
(2613, 10000000, '421646922967', 3, 5),
(2614, 10000000, '571947927171', 4, 2),
(2615, 10000000, '914978055913', 4, 3),
(2616, 10000000, '349088710715', 4, 4),
(2617, 10000000, '381889254525', 4, 5),
(2618, 10000000, '188398635315', 5, 2),
(2619, 10000000, '335485123089', 5, 3),
(2620, 10000000, '389724212652', 5, 4),
(2621, 10000000, '428176459589', 5, 5),
(2622, 10000000, '143572436212', 6, 2),
(2623, 10000000, '420303053757', 6, 3),
(2624, 10000000, '602213410512', 6, 4),
(2625, 10000000, '765183331165', 6, 5),
(2626, 0, NULL, 1, 1),
(2627, 10000000, '522522134118', 131, 2),
(2628, 10000000, '024694660291', 131, 3),
(2629, 10000000, '569720507679', 131, 4),
(2630, 10000000, '846196746924', 131, 5),
(2631, 10000000, '953490780688', 3, 2),
(2632, 10000000, '343766481852', 3, 3),
(2633, 10000000, '585788773586', 3, 4),
(2634, 10000000, '088618920959', 3, 5),
(2635, 10000000, '230551418164', 4, 2),
(2636, 10000000, '824887356001', 4, 3),
(2637, 10000000, '506691199299', 4, 4),
(2638, 10000000, '890016800719', 4, 5),
(2639, 10000000, '921302118312', 5, 2),
(2640, 10000000, '052963981221', 5, 3),
(2641, 10000000, '357075908997', 5, 4),
(2642, 10000000, '872176677708', 5, 5),
(2643, 10000000, '111458413261', 6, 2),
(2644, 10000000, '509998159471', 6, 3),
(2645, 10000000, '777057467711', 6, 4),
(2646, 10000000, '900010918686', 6, 5),
(2647, 0, NULL, 1, 1),
(2648, 10000000, '002335442207', 132, 2),
(2649, 10000000, '538820824072', 132, 3),
(2650, 10000000, '788481622256', 132, 4),
(2651, 10000000, '589545038921', 132, 5),
(2652, 10000000, '517147789644', 3, 2),
(2653, 10000000, '942380430164', 3, 3),
(2654, 10000000, '558906179352', 3, 4),
(2655, 10000000, '592250021057', 3, 5),
(2656, 10000000, '645098639136', 4, 2),
(2657, 10000000, '598227421547', 4, 3),
(2658, 10000000, '771521013129', 4, 4),
(2659, 10000000, '195247029072', 4, 5),
(2660, 10000000, '727678018797', 5, 2),
(2661, 10000000, '739429415067', 5, 3),
(2662, 10000000, '808099116965', 5, 4),
(2663, 10000000, '270318687350', 5, 5),
(2664, 10000000, '347851389913', 6, 2),
(2665, 10000000, '271343889605', 6, 3),
(2666, 10000000, '146023944543', 6, 4),
(2667, 10000000, '707390952680', 6, 5),
(2668, 0, NULL, 1, 1),
(2669, 10000000, '296866058780', 133, 2),
(2670, 10000000, '125292619169', 133, 3),
(2671, 10000000, '900448122513', 133, 4),
(2672, 10000000, '704249438951', 133, 5),
(2673, 10000000, '932768315525', 3, 2),
(2674, 10000000, '859771486745', 3, 3),
(2675, 10000000, '311409736946', 3, 4),
(2676, 10000000, '318211788923', 3, 5),
(2677, 10000000, '202030132686', 4, 2),
(2678, 10000000, '879181370753', 4, 3),
(2679, 10000000, '267673674738', 4, 4),
(2680, 10000000, '540874587599', 4, 5),
(2681, 10000000, '836404607532', 5, 2),
(2682, 10000000, '976243191942', 5, 3),
(2683, 10000000, '642259123998', 5, 4),
(2684, 10000000, '112770973603', 5, 5),
(2685, 10000000, '059067050926', 6, 2),
(2686, 10000000, '034163131490', 6, 3),
(2687, 10000000, '115466502276', 6, 4),
(2688, 10000000, '751166748656', 6, 5),
(2689, 0, NULL, 1, 1),
(2690, 10000000, '648209849212', 134, 2),
(2691, 10000000, '532729639409', 134, 3),
(2692, 10000000, '956752015238', 134, 4),
(2693, 10000000, '943284415178', 134, 5),
(2694, 10000000, '610930120466', 3, 2),
(2695, 10000000, '268937079139', 3, 3),
(2696, 10000000, '129623483878', 3, 4);
INSERT INTO `rekening_nasabah` (`account_id`, `balance`, `nomor_rekening`, `nasabah`, `rekening`) VALUES
(2697, 10000000, '071053675568', 3, 5),
(2698, 10000000, '820980434046', 4, 2),
(2699, 10000000, '136556599005', 4, 3),
(2700, 10000000, '738346389460', 4, 4),
(2701, 10000000, '541539113074', 4, 5),
(2702, 10000000, '619159017819', 5, 2),
(2703, 10000000, '435034619904', 5, 3),
(2704, 10000000, '743425690914', 5, 4),
(2705, 10000000, '804458823047', 5, 5),
(2706, 10000000, '607856456230', 6, 2),
(2707, 10000000, '976262202913', 6, 3),
(2708, 10000000, '801231341750', 6, 4),
(2709, 10000000, '084034382926', 6, 5),
(2710, 0, NULL, 1, 1),
(2711, 10000000, '668577090632', 135, 2),
(2712, 10000000, '629133851214', 135, 3),
(2713, 10000000, '521401218372', 135, 4),
(2714, 10000000, '968064128348', 135, 5),
(2715, 10000000, '896629748541', 3, 2),
(2716, 10000000, '195459860405', 3, 3),
(2717, 10000000, '373664549992', 3, 4),
(2718, 10000000, '194786565055', 3, 5),
(2719, 10000000, '054474232714', 4, 2),
(2720, 10000000, '657668981325', 4, 3),
(2721, 10000000, '971626380679', 4, 4),
(2722, 10000000, '125373170871', 4, 5),
(2723, 10000000, '893701095478', 5, 2),
(2724, 10000000, '697275843179', 5, 3),
(2725, 10000000, '344006877972', 5, 4),
(2726, 10000000, '872599880676', 5, 5),
(2727, 10000000, '791078628833', 6, 2),
(2728, 10000000, '744376198720', 6, 3),
(2729, 10000000, '670384574019', 6, 4),
(2730, 10000000, '509173293785', 6, 5),
(2731, 0, NULL, 1, 1),
(2732, 10000000, '411379188330', 136, 2),
(2733, 10000000, '929479521555', 136, 3),
(2734, 10000000, '813366096441', 136, 4),
(2735, 10000000, '814647836420', 136, 5),
(2736, 10000000, '764904424161', 3, 2),
(2737, 10000000, '209188851099', 3, 3),
(2738, 10000000, '827891090972', 3, 4),
(2739, 10000000, '334682445480', 3, 5),
(2740, 10000000, '306894332475', 4, 2),
(2741, 10000000, '534697925868', 4, 3),
(2742, 10000000, '873323207019', 4, 4),
(2743, 10000000, '168642096281', 4, 5),
(2744, 10000000, '833669132612', 5, 2),
(2745, 10000000, '311646514142', 5, 3),
(2746, 10000000, '271441877982', 5, 4),
(2747, 10000000, '854550224494', 5, 5),
(2748, 10000000, '933665716222', 6, 2),
(2749, 10000000, '753060746262', 6, 3),
(2750, 10000000, '612079620605', 6, 4),
(2751, 10000000, '776168507083', 6, 5),
(2752, 0, NULL, 1, 1),
(2753, 10000000, '344239967362', 137, 2),
(2754, 10000000, '691397886204', 137, 3),
(2755, 10000000, '735601287954', 137, 4),
(2756, 10000000, '726952852481', 137, 5),
(2757, 10000000, '369960396830', 3, 2),
(2758, 10000000, '095606675442', 3, 3),
(2759, 10000000, '485161124184', 3, 4),
(2760, 10000000, '644670252888', 3, 5),
(2761, 10000000, '326414274649', 4, 2),
(2762, 10000000, '511380871942', 4, 3),
(2763, 10000000, '996171437056', 4, 4),
(2764, 10000000, '572493743445', 4, 5),
(2765, 10000000, '490554725294', 5, 2),
(2766, 10000000, '434704154677', 5, 3),
(2767, 10000000, '165949137359', 5, 4),
(2768, 10000000, '482354351739', 5, 5),
(2769, 10000000, '429935009366', 6, 2),
(2770, 10000000, '432114524941', 6, 3),
(2771, 10000000, '418238939579', 6, 4),
(2772, 10000000, '618908778507', 6, 5),
(2773, 0, NULL, 1, 1),
(2774, 10000000, '961960267034', 138, 2),
(2775, 10000000, '907616312627', 138, 3),
(2776, 10000000, '837439510336', 138, 4),
(2777, 10000000, '649714305738', 138, 5),
(2778, 10000000, '756675644903', 3, 2),
(2779, 10000000, '457746882434', 3, 3),
(2780, 10000000, '730724174170', 3, 4),
(2781, 10000000, '711295574569', 3, 5),
(2782, 10000000, '657008855193', 4, 2),
(2783, 10000000, '811862557901', 4, 3),
(2784, 10000000, '650001430363', 4, 4),
(2785, 10000000, '315031421549', 4, 5),
(2786, 10000000, '543653431962', 5, 2),
(2787, 10000000, '864232391501', 5, 3),
(2788, 10000000, '906043519511', 5, 4),
(2789, 10000000, '804944391337', 5, 5),
(2790, 10000000, '749828268816', 6, 2),
(2791, 10000000, '409188456836', 6, 3),
(2792, 10000000, '460206231936', 6, 4),
(2793, 10000000, '882971454249', 6, 5),
(2794, 0, NULL, 1, 1),
(2795, 10000000, '712137274809', 139, 2),
(2796, 10000000, '236591732364', 139, 3),
(2797, 10000000, '174701999518', 139, 4),
(2798, 10000000, '147822277975', 139, 5),
(2799, 10000000, '353195454114', 3, 2),
(2800, 10000000, '892908029096', 3, 3),
(2801, 10000000, '054346161584', 3, 4),
(2802, 10000000, '003766818762', 3, 5),
(2803, 10000000, '019803774872', 4, 2),
(2804, 10000000, '547143624124', 4, 3),
(2805, 10000000, '031194821359', 4, 4),
(2806, 10000000, '005611958037', 4, 5),
(2807, 10000000, '303857701763', 5, 2),
(2808, 10000000, '070324946971', 5, 3),
(2809, 10000000, '092696849172', 5, 4),
(2810, 10000000, '806436537974', 5, 5),
(2811, 10000000, '767717890073', 6, 2),
(2812, 10000000, '617558864808', 6, 3),
(2813, 10000000, '640096208713', 6, 4),
(2814, 10000000, '129196089915', 6, 5),
(2815, 0, NULL, 1, 1),
(2816, 10000000, '992601948304', 140, 2),
(2817, 10000000, '967744649488', 140, 3),
(2818, 10000000, '847625886028', 140, 4),
(2819, 10000000, '629778004908', 140, 5),
(2820, 10000000, '556345289500', 3, 2),
(2821, 10000000, '944735634462', 3, 3),
(2822, 10000000, '799178868835', 3, 4),
(2823, 10000000, '765882104814', 3, 5),
(2824, 10000000, '220504472960', 4, 2),
(2825, 10000000, '007576127605', 4, 3),
(2826, 10000000, '173137448824', 4, 4),
(2827, 10000000, '158240703965', 4, 5),
(2828, 10000000, '912951867040', 5, 2),
(2829, 10000000, '275238622347', 5, 3),
(2830, 10000000, '891060687401', 5, 4),
(2831, 10000000, '770901193519', 5, 5),
(2832, 10000000, '773649385491', 6, 2),
(2833, 10000000, '989155378730', 6, 3),
(2834, 10000000, '981956410317', 6, 4),
(2835, 10000000, '079109702287', 6, 5),
(2836, 0, NULL, 1, 1),
(2837, 10000000, '486076962951', 141, 2),
(2838, 10000000, '318974078066', 141, 3),
(2839, 10000000, '459360400568', 141, 4),
(2840, 10000000, '060568412632', 141, 5),
(2841, 10000000, '574688147843', 3, 2),
(2842, 10000000, '663197663519', 3, 3),
(2843, 10000000, '043449915973', 3, 4),
(2844, 10000000, '438724617842', 3, 5),
(2845, 10000000, '220683233707', 4, 2),
(2846, 10000000, '845081635726', 4, 3),
(2847, 10000000, '306334554230', 4, 4),
(2848, 10000000, '237052736964', 4, 5),
(2849, 10000000, '953230345246', 5, 2),
(2850, 10000000, '451744481794', 5, 3),
(2851, 10000000, '289111205325', 5, 4),
(2852, 10000000, '410926874960', 5, 5),
(2853, 10000000, '147594390007', 6, 2),
(2854, 10000000, '535026697452', 6, 3),
(2855, 10000000, '196928406690', 6, 4),
(2856, 10000000, '901017350818', 6, 5),
(2857, 0, NULL, 1, 1),
(2858, 10000000, '224795895197', 142, 2),
(2859, 10000000, '836752277045', 142, 3),
(2860, 10000000, '286870123943', 142, 4),
(2861, 10000000, '487380763694', 142, 5),
(2862, 10000000, '840508459832', 3, 2),
(2863, 10000000, '610626249006', 3, 3),
(2864, 10000000, '304319922035', 3, 4),
(2865, 10000000, '186578783147', 3, 5),
(2866, 10000000, '439976812584', 4, 2),
(2867, 10000000, '936250375161', 4, 3),
(2868, 10000000, '055656970425', 4, 4),
(2869, 10000000, '502481330312', 4, 5),
(2870, 10000000, '207203298981', 5, 2),
(2871, 10000000, '958578992126', 5, 3),
(2872, 10000000, '584797426914', 5, 4),
(2873, 10000000, '356225128358', 5, 5),
(2874, 10000000, '433671827338', 6, 2),
(2875, 10000000, '219028431610', 6, 3),
(2876, 10000000, '472004319030', 6, 4),
(2877, 10000000, '794008695052', 6, 5),
(2878, 0, NULL, 1, 1),
(2879, 10000000, '296809276736', 143, 2),
(2880, 10000000, '043934381263', 143, 3),
(2881, 10000000, '499071882021', 143, 4),
(2882, 10000000, '172879844740', 143, 5),
(2883, 10000000, '068758937912', 3, 2),
(2884, 10000000, '864113154801', 3, 3),
(2885, 10000000, '167877141591', 3, 4),
(2886, 10000000, '900853995389', 3, 5),
(2887, 10000000, '273703890178', 4, 2),
(2888, 10000000, '287676208510', 4, 3),
(2889, 10000000, '019850449226', 4, 4),
(2890, 10000000, '840537371972', 4, 5),
(2891, 10000000, '897143506477', 5, 2),
(2892, 10000000, '624308843082', 5, 3),
(2893, 10000000, '567421422758', 5, 4),
(2894, 10000000, '117020293576', 5, 5),
(2895, 10000000, '087712436996', 6, 2),
(2896, 10000000, '362777312450', 6, 3),
(2897, 10000000, '130382221064', 6, 4),
(2898, 10000000, '618391934001', 6, 5),
(2899, 0, NULL, 1, 1),
(2900, 10000000, '672710090607', 144, 2),
(2901, 10000000, '851551783638', 144, 3),
(2902, 10000000, '494076364572', 144, 4),
(2903, 10000000, '429526102484', 144, 5),
(2904, 10000000, '594830077873', 3, 2),
(2905, 10000000, '139871714510', 3, 3),
(2906, 10000000, '593316741526', 3, 4),
(2907, 10000000, '658935270112', 3, 5),
(2908, 10000000, '991402684236', 4, 2),
(2909, 10000000, '295308295942', 4, 3),
(2910, 10000000, '245000748651', 4, 4),
(2911, 10000000, '582382927451', 4, 5),
(2912, 10000000, '834304608831', 5, 2),
(2913, 10000000, '691539032120', 5, 3),
(2914, 10000000, '556746980142', 5, 4),
(2915, 10000000, '883304609366', 5, 5),
(2916, 10000000, '686038127857', 6, 2),
(2917, 10000000, '487371669865', 6, 3),
(2918, 10000000, '125595909788', 6, 4),
(2919, 10000000, '478603841213', 6, 5),
(2920, 0, NULL, 1, 1),
(2921, 10000000, '982119753585', 145, 2),
(2922, 10000000, '483664550201', 145, 3),
(2923, 10000000, '756306060591', 145, 4),
(2924, 10000000, '379155199416', 145, 5),
(2925, 10000000, '470009123114', 3, 2),
(2926, 10000000, '253231531599', 3, 3),
(2927, 10000000, '152801636085', 3, 4),
(2928, 10000000, '985282588152', 3, 5),
(2929, 10000000, '161738580077', 4, 2),
(2930, 10000000, '756219481861', 4, 3),
(2931, 10000000, '478113487106', 4, 4),
(2932, 10000000, '659245315864', 4, 5),
(2933, 10000000, '472931139291', 5, 2),
(2934, 10000000, '057143659939', 5, 3),
(2935, 10000000, '127655016663', 5, 4),
(2936, 10000000, '389267471290', 5, 5),
(2937, 10000000, '096173527516', 6, 2),
(2938, 10000000, '911093159801', 6, 3),
(2939, 10000000, '193368061378', 6, 4),
(2940, 10000000, '843954506305', 6, 5),
(2941, 0, NULL, 1, 1),
(2942, 10000000, '627152240980', 146, 2),
(2943, 10000000, '828756309155', 146, 3),
(2944, 10000000, '118543417179', 146, 4),
(2945, 10000000, '131204983762', 146, 5),
(2946, 10000000, '710127291137', 3, 2),
(2947, 10000000, '834250636936', 3, 3),
(2948, 10000000, '129938408591', 3, 4),
(2949, 10000000, '263378708745', 3, 5),
(2950, 10000000, '741133601934', 4, 2),
(2951, 10000000, '273840847051', 4, 3),
(2952, 10000000, '432147794409', 4, 4),
(2953, 10000000, '579258563165', 4, 5),
(2954, 10000000, '380193718754', 5, 2),
(2955, 10000000, '748718881389', 5, 3),
(2956, 10000000, '633034349188', 5, 4),
(2957, 10000000, '946580818309', 5, 5),
(2958, 10000000, '850971207977', 6, 2),
(2959, 10000000, '825711836191', 6, 3),
(2960, 10000000, '011086713232', 6, 4),
(2961, 10000000, '501245808895', 6, 5),
(2962, 0, NULL, 1, 1),
(2963, 10000000, '462922407272', 147, 2),
(2964, 10000000, '795549340784', 147, 3),
(2965, 10000000, '005182491735', 147, 4),
(2966, 10000000, '090515043568', 147, 5),
(2967, 10000000, '574463418622', 3, 2),
(2968, 10000000, '553915456337', 3, 3),
(2969, 10000000, '299737098810', 3, 4),
(2970, 10000000, '473000713616', 3, 5),
(2971, 10000000, '979433866051', 4, 2),
(2972, 10000000, '967919954129', 4, 3),
(2973, 10000000, '057885372653', 4, 4),
(2974, 10000000, '720686154361', 4, 5),
(2975, 10000000, '472824130816', 5, 2),
(2976, 10000000, '802580786685', 5, 3),
(2977, 10000000, '521232246622', 5, 4),
(2978, 10000000, '240141042055', 5, 5),
(2979, 10000000, '713707963751', 6, 2),
(2980, 10000000, '366001209830', 6, 3),
(2981, 10000000, '873723705843', 6, 4),
(2982, 10000000, '907757766982', 6, 5),
(2983, 0, NULL, 1, 1),
(2984, 10000000, '081810890171', 148, 2),
(2985, 10000000, '825698645125', 148, 3),
(2986, 10000000, '560271261851', 148, 4),
(2987, 10000000, '848284630650', 148, 5),
(2988, 10000000, '971588052269', 3, 2),
(2989, 10000000, '824522174083', 3, 3),
(2990, 10000000, '262489388482', 3, 4),
(2991, 10000000, '953550057445', 3, 5),
(2992, 10000000, '957088268792', 4, 2),
(2993, 10000000, '674985552137', 4, 3),
(2994, 10000000, '908290853615', 4, 4),
(2995, 10000000, '518686637558', 4, 5),
(2996, 10000000, '463071214657', 5, 2),
(2997, 10000000, '741820360194', 5, 3),
(2998, 10000000, '988704711602', 5, 4),
(2999, 10000000, '979581630014', 5, 5),
(3000, 10000000, '238954727752', 6, 2),
(3001, 10000000, '979876595216', 6, 3),
(3002, 10000000, '055393621422', 6, 4),
(3003, 10000000, '861145304660', 6, 5),
(3004, 0, NULL, 1, 1),
(3005, 10000000, '457274581263', 149, 2),
(3006, 10000000, '255589945283', 149, 3),
(3007, 10000000, '426639950756', 149, 4),
(3008, 10000000, '923456021965', 149, 5),
(3009, 10000000, '930263477686', 3, 2),
(3010, 10000000, '670045020427', 3, 3),
(3011, 10000000, '797631896833', 3, 4),
(3012, 10000000, '231839792067', 3, 5),
(3013, 10000000, '804862901841', 4, 2),
(3014, 10000000, '040192821485', 4, 3),
(3015, 10000000, '542260862049', 4, 4),
(3016, 10000000, '832661885534', 4, 5),
(3017, 10000000, '678554756078', 5, 2),
(3018, 10000000, '817304228037', 5, 3),
(3019, 10000000, '525070882707', 5, 4),
(3020, 10000000, '427092062334', 5, 5),
(3021, 10000000, '950535736296', 6, 2),
(3022, 10000000, '662948907999', 6, 3),
(3023, 10000000, '292769106823', 6, 4),
(3024, 10000000, '357632175139', 6, 5),
(3025, 0, NULL, 1, 1),
(3026, 10000000, '166315271447', 150, 2),
(3027, 10000000, '785800434594', 150, 3),
(3028, 10000000, '003883968194', 150, 4),
(3029, 10000000, '724786175502', 150, 5),
(3030, 10000000, '497229684838', 3, 2),
(3031, 10000000, '816440821150', 3, 3),
(3032, 10000000, '467260509520', 3, 4),
(3033, 10000000, '052412708960', 3, 5),
(3034, 10000000, '071367946378', 4, 2),
(3035, 10000000, '989344351471', 4, 3),
(3036, 10000000, '022900528728', 4, 4),
(3037, 10000000, '507890123763', 4, 5),
(3038, 10000000, '728323168506', 5, 2),
(3039, 10000000, '776699044933', 5, 3),
(3040, 10000000, '225735335625', 5, 4),
(3041, 10000000, '309111209139', 5, 5),
(3042, 10000000, '981182261742', 6, 2),
(3043, 10000000, '848068006022', 6, 3),
(3044, 10000000, '360559006083', 6, 4),
(3045, 10000000, '711878067110', 6, 5),
(3046, 0, NULL, 1, 1),
(3047, 10000000, '868738449236', 151, 2),
(3048, 10000000, '025221069361', 151, 3),
(3049, 10000000, '970336713886', 151, 4),
(3050, 10000000, '335635946717', 151, 5),
(3051, 10000000, '880585298334', 3, 2),
(3052, 10000000, '781064884061', 3, 3),
(3053, 10000000, '407115328053', 3, 4),
(3054, 10000000, '009910836712', 3, 5),
(3055, 10000000, '169981410534', 4, 2),
(3056, 10000000, '280854055923', 4, 3),
(3057, 10000000, '635041113255', 4, 4),
(3058, 10000000, '677193701494', 4, 5),
(3059, 10000000, '008229080214', 5, 2),
(3060, 10000000, '729005894319', 5, 3),
(3061, 10000000, '358252785625', 5, 4),
(3062, 10000000, '004684343161', 5, 5),
(3063, 10000000, '910490054670', 6, 2),
(3064, 10000000, '416888621692', 6, 3),
(3065, 10000000, '793253713032', 6, 4),
(3066, 10000000, '669190742121', 6, 5);

--
-- Indexes for dumped tables
--

--
-- Indexes for table `kredit`
--
ALTER TABLE `kredit`
  ADD PRIMARY KEY (`kredit_id`);

--
-- Indexes for table `kredit_nasabah`
--
ALTER TABLE `kredit_nasabah`
  ADD PRIMARY KEY (`credit_account_id`),
  ADD KEY `FKgj9lusubcfl6q42psl2nycq1s` (`kredit_id`),
  ADD KEY `FKndakh4ycka5qm40l1fhkf9pw0` (`cif`);

--
-- Indexes for table `nasabah`
--
ALTER TABLE `nasabah`
  ADD PRIMARY KEY (`nasabah_id`);

--
-- Indexes for table `rekening`
--
ALTER TABLE `rekening`
  ADD PRIMARY KEY (`rekening_id`);

--
-- Indexes for table `rekening_nasabah`
--
ALTER TABLE `rekening_nasabah`
  ADD PRIMARY KEY (`account_id`),
  ADD KEY `FKjpusuu910lveyc98xumnog2tf` (`nasabah`),
  ADD KEY `FK987jdv8u2frfjs773en9il38o` (`rekening`);

--
-- AUTO_INCREMENT for dumped tables
--

--
-- AUTO_INCREMENT for table `kredit`
--
ALTER TABLE `kredit`
  MODIFY `kredit_id` bigint(20) NOT NULL AUTO_INCREMENT, AUTO_INCREMENT=4;

--
-- AUTO_INCREMENT for table `kredit_nasabah`
--
ALTER TABLE `kredit_nasabah`
  MODIFY `credit_account_id` bigint(20) NOT NULL AUTO_INCREMENT, AUTO_INCREMENT=2191;

--
-- AUTO_INCREMENT for table `nasabah`
--
ALTER TABLE `nasabah`
  MODIFY `nasabah_id` bigint(20) NOT NULL AUTO_INCREMENT, AUTO_INCREMENT=152;

--
-- AUTO_INCREMENT for table `rekening`
--
ALTER TABLE `rekening`
  MODIFY `rekening_id` bigint(20) NOT NULL AUTO_INCREMENT, AUTO_INCREMENT=6;

--
-- AUTO_INCREMENT for table `rekening_nasabah`
--
ALTER TABLE `rekening_nasabah`
  MODIFY `account_id` bigint(20) NOT NULL AUTO_INCREMENT, AUTO_INCREMENT=3067;

--
-- Constraints for dumped tables
--

--
-- Constraints for table `kredit_nasabah`
--
ALTER TABLE `kredit_nasabah`
  ADD CONSTRAINT `FKgj9lusubcfl6q42psl2nycq1s` FOREIGN KEY (`kredit_id`) REFERENCES `kredit` (`kredit_id`),
  ADD CONSTRAINT `FKndakh4ycka5qm40l1fhkf9pw0` FOREIGN KEY (`cif`) REFERENCES `nasabah` (`nasabah_id`);

--
-- Constraints for table `rekening_nasabah`
--
ALTER TABLE `rekening_nasabah`
  ADD CONSTRAINT `FK987jdv8u2frfjs773en9il38o` FOREIGN KEY (`rekening`) REFERENCES `rekening` (`rekening_id`),
  ADD CONSTRAINT `FKjpusuu910lveyc98xumnog2tf` FOREIGN KEY (`nasabah`) REFERENCES `nasabah` (`nasabah_id`);
COMMIT;

/*!40101 SET CHARACTER_SET_CLIENT=@OLD_CHARACTER_SET_CLIENT */;
/*!40101 SET CHARACTER_SET_RESULTS=@OLD_CHARACTER_SET_RESULTS */;
/*!40101 SET COLLATION_CONNECTION=@OLD_COLLATION_CONNECTION */;
